filename,aug_type,param,output_path,reference,prediction,wer,cer,duration_before,duration_after,duration_increase,spectral_centroid_before,spectral_centroid_after,spectral_centroid_diff,rms_before,rms_after,rms_diff,peak_before,peak_after,peak_diff,pause_count_before,pause_count_after,pause_count_diff,f0_std_before,f0_std_after,f0_std_diff
LJ001-0001.wav,lowpass,5000,../data/augmented/lowpass/LJ001-0001__lowpass_5000.wav,"Printing, in the only sense with which we are at present concerned, differs from most if not from all the arts and crafts represented in the Exhibition","Printing, in the only sense with which we are at present concerned, differs from most if not from all the arts and crafts represented in the exhibition.",0.037037037037037035,0.013245033112582781,9.6550625,9.6550625,0.0,2254.350787239515,1668.2744828160357,-586.0763044234791,0.07959365844726562,0.07582265883684158,-0.0037709996104240417,0.8529292345046997,0.8445109724998474,-0.008418262004852295,4,6,2,62.13984906185579,62.760883302851006,0.6210342409952148
LJ001-0001.wav,lowpass,4000,../data/augmented/lowpass/LJ001-0001__lowpass_4000.wav,"Printing, in the only sense with which we are at present concerned, differs from most if not from all the arts and crafts represented in the Exhibition","Printing, in the only sense with which we are at present concerned, differs from most if not from all the arts and crafts represented in the exhibition.",0.037037037037037035,0.013245033112582781,9.6550625,9.6550625,0.0,2254.350787239515,1401.9428819172379,-852.407905322277,0.07959365844726562,0.07515005767345428,-0.00444360077381134,0.8529292345046997,0.8336451649665833,-0.019284069538116455,4,8,4,62.13984906185579,63.05423782707579,0.9143887652199965
LJ001-0001.wav,lowpass,3000,../data/augmented/lowpass/LJ001-0001__lowpass_3000.wav,"Printing, in the only sense with which we are at present concerned, differs from most if not from all the arts and crafts represented in the Exhibition","Printing, in the only sense with which we are at present concerned, differs from most if not from all the arts and crafts represented in the exhibition.",0.037037037037037035,0.013245033112582781,9.6550625,9.6550625,0.0,2254.350787239515,1105.806987035486,-1148.543800204029,0.07959365844726562,0.07464419305324554,-0.004949465394020081,0.8529292345046997,0.8467115163803101,-0.0062177181243896484,4,12,8,62.13984906185579,64.26172584547481,2.1218767836190224
LJ001-0001.wav,lowpass,2500,../data/augmented/lowpass/LJ001-0001__lowpass_2500.wav,"Printing, in the only sense with which we are at present concerned, differs from most if not from all the arts and crafts represented in the Exhibition","Printing, in the only sense with which we are at present concerned, differs from most if not from all the arts and crafts represented in the exhibition.",0.037037037037037035,0.013245033112582781,9.6550625,9.6550625,0.0,2254.350787239515,962.767214448544,-1291.5835727909707,0.07959365844726562,0.07436022162437439,-0.005233436822891235,0.8529292345046997,0.8273447751998901,-0.02558445930480957,4,13,9,62.13984906185579,64.59724100076417,2.45739193890838
LJ001-0001.wav,timestretch,0.98,../data/augmented/timestretch/LJ001-0001__timestretch_0_98.wav,"Printing, in the only sense with which we are at present concerned, differs from most if not from all the arts and crafts represented in the Exhibition","Printing, in the only sense with which we are at present concerns, differs from most if not from all the arts and crafts represented in the exhibition.",0.07407407407407407,0.026490066225165563,9.6550625,9.852125,0.19706249999999947,2254.350787239515,2265.8703094893885,11.519522249873717,0.07959365844726562,0.056222934275865555,-0.02337072417140007,0.8529292345046997,0.6476885080337524,-0.20524072647094727,4,4,0,62.13984906185579,64.23006431797648,2.0902152561206933
LJ001-0001.wav,timestretch,0.95,../data/augmented/timestretch/LJ001-0001__timestretch_0_95.wav,"Printing, in the only sense with which we are at present concerned, differs from most if not from all the arts and crafts represented in the Exhibition","printing, in the only sense with which we are at present concerned, differs from most if not from all the arts and crafts represented in the exhibition.",0.07407407407407407,0.019867549668874173,9.6550625,10.16325,0.5081875,2254.350787239515,2252.973580119308,-1.3772071202070038,0.07959365844726562,0.05426235496997833,-0.025331303477287292,0.8529292345046997,0.4818565547466278,-0.3710726797580719,4,4,0,62.13984906185579,65.73260108797093,3.592752026115143
LJ001-0001.wav,timestretch,0.92,../data/augmented/timestretch/LJ001-0001__timestretch_0_92.wav,"Printing, in the only sense with which we are at present concerned, differs from most if not from all the arts and crafts represented in the Exhibition","printing in the only sense with which we are at present concerned, differs from most if not from all the arts and crafts represented in the exhibition.",0.07407407407407407,0.026490066225165563,9.6550625,10.494625,0.8395624999999995,2254.350787239515,2265.1519500159143,10.801162776399451,0.07959365844726562,0.0551532544195652,-0.024440404027700424,0.8529292345046997,0.6530757546424866,-0.19985347986221313,4,4,0,62.13984906185579,63.32360211757512,1.183753055719329
LJ001-0001.wav,timestretch,0.88,../data/augmented/timestretch/LJ001-0001__timestretch_0_88.wav,"Printing, in the only sense with which we are at present concerned, differs from most if not from all the arts and crafts represented in the Exhibition","Printing, in the only sense with which we are at present concerned, differs from most if not from all the arts and crafts represented in the exhibition.",0.037037037037037035,0.013245033112582781,9.6550625,10.9716875,1.3166250000000002,2254.350787239515,2258.5476321996375,4.196844960122689,0.07959365844726562,0.05548473447561264,-0.024108923971652985,0.8529292345046997,0.7086548805236816,-0.14427435398101807,4,4,0,62.13984906185579,75.0269263921843,12.887077330328502
LJ001-0001.wav,pitch_compression,0.9,../data/augmented/pitch_compression/LJ001-0001__pitch_compression_0_9.wav,"Printing, in the only sense with which we are at present concerned, differs from most if not from all the arts and crafts represented in the Exhibition","Printing, in the only sense of which we are at present concerned, differs from most if not from all the arts and crafts represented in the exhibition.",0.07407407407407407,0.039735099337748346,9.6550625,9.6550625,0.0,2254.350787239515,2099.582472445902,-154.76831479361272,0.07959365844726562,0.05340767651796341,-0.026185981929302216,0.8529292345046997,0.5016370415687561,-0.3512921929359436,4,4,0,62.13984906185579,59.896083345539736,-2.243765716316055
LJ001-0001.wav,pitch_compression,0.75,../data/augmented/pitch_compression/LJ001-0001__pitch_compression_0_75.wav,"Printing, in the only sense with which we are at present concerned, differs from most if not from all the arts and crafts represented in the Exhibition","printing in the only sense with which we are at present concerned, Tiporis promotes if not from all the arts of crafts represented in the exhibition.",0.2222222222222222,0.11258278145695365,9.6550625,9.6550625,0.0,2254.350787239515,1885.2767915435386,-369.07399569597624,0.07959365844726562,0.05252789333462715,-0.027065765112638474,0.8529292345046997,0.43090492486953735,-0.42202430963516235,4,4,0,62.13984906185579,65.54207133880514,3.4022222769493524
LJ001-0001.wav,pitch_compression,0.6,../data/augmented/pitch_compression/LJ001-0001__pitch_compression_0_6.wav,"Printing, in the only sense with which we are at present concerned, differs from most if not from all the arts and crafts represented in the Exhibition","Pretending in the only sense with which we are at best considered, Tiffers are most if not from all the answer perhaps represented in the exhibition.",0.3333333333333333,0.1986754966887417,9.6550625,9.6550625,0.0,2254.350787239515,1696.5427307794523,-557.8080564600625,0.07959365844726562,0.052313607186079025,-0.0272800512611866,0.8529292345046997,0.4781792163848877,-0.374750018119812,4,3,-1,62.13984906185579,65.91193632880807,3.7720872669522763
LJ001-0001.wav,pitch_compression,0.5,../data/augmented/pitch_compression/LJ001-0001__pitch_compression_0_5.wav,"Printing, in the only sense with which we are at present concerned, differs from most if not from all the arts and crafts represented in the Exhibition","Including in the only sense of which we wore at Casablan結 lockers, Zegras, with our men, on the以及 están, in Nee Alze Publicial,",0.7407407407407407,0.5894039735099338,9.6550625,9.6550625,0.0,2254.350787239515,1589.3674243463247,-664.9833628931901,0.07959365844726562,0.05064362660050392,-0.028950031846761703,0.8529292345046997,0.5602548122406006,-0.2926744222640991,4,3,-1,62.13984906185579,61.79162214512607,-0.34822691672972184
LJ001-0001.wav,noise,0.001,../data/augmented/noise/LJ001-0001__noise_0_001.wav,"Printing, in the only sense with which we are at present concerned, differs from most if not from all the arts and crafts represented in the Exhibition","Printing, in the only sense with which we are at present concerned, differs from most if not from all the arts and crafts represented in the exhibition.",0.037037037037037035,0.013245033112582781,9.6550625,9.6550625,0.0,2254.350787239515,2396.8746869094966,142.5238996699818,0.07959365844726562,0.07963310927152634,3.945082426071167e-05,0.8529292345046997,0.8540521860122681,0.0011229515075683594,4,4,0,62.13984906185579,62.30854913018551,0.16870006832971995
LJ001-0001.wav,noise,0.003,../data/augmented/noise/LJ001-0001__noise_0_003.wav,"Printing, in the only sense with which we are at present concerned, differs from most if not from all the arts and crafts represented in the Exhibition","Printing, in the only sense with which we are at present concerned, differs from most if not from all the arts and crafts represented in the exhibition.",0.037037037037037035,0.013245033112582781,9.6550625,9.6550625,0.0,2254.350787239515,2537.7770983847213,283.42631114520645,0.07959365844726562,0.07980232685804367,0.00020866841077804565,0.8529292345046997,0.8582022190093994,0.005272984504699707,4,6,2,62.13984906185579,62.26199139927066,0.12214233741487135
LJ001-0001.wav,noise,0.005,../data/augmented/noise/LJ001-0001__noise_0_005.wav,"Printing, in the only sense with which we are at present concerned, differs from most if not from all the arts and crafts represented in the Exhibition","Printing, in the only sense with which we are at present concerned, differs from most if not from all the arts and crafts represented in the exhibition.",0.037037037037037035,0.013245033112582781,9.6550625,9.6550625,0.0,2254.350787239515,2644.09912027912,389.7483330396053,0.07959365844726562,0.08007396012544632,0.0004803016781806946,0.8529292345046997,0.8621711134910583,0.009241878986358643,4,0,-4,62.13984906185579,63.16154968952266,1.021700627666867
LJ001-0001.wav,noise,0.008,../data/augmented/noise/LJ001-0001__noise_0_008.wav,"Printing, in the only sense with which we are at present concerned, differs from most if not from all the arts and crafts represented in the Exhibition","Printing, in the only sense with which we are at present concerned, differs from most if not from all the arts and crafts represented in the exhibition.",0.037037037037037035,0.013245033112582781,9.6550625,9.6550625,0.0,2254.350787239515,2776.4013811147975,522.0505938752826,0.07959365844726562,0.08058158308267593,0.0009879246354103088,0.8529292345046997,0.8515735864639282,-0.0013556480407714844,4,0,-4,62.13984906185579,63.00500392506572,0.8651548632099306
LJ001-0001.wav,pause_insertion,"{'pause_prob': 0.05, 'pause_ms': (60, 120)}",../data/augmented/pause_insertion/LJ001-0001__pause_insertion_p0_05_d60-120.wav,"Printing, in the only sense with which we are at present concerned, differs from most if not from all the arts and crafts represented in the Exhibition","Printing, in the only sense with which we are at present concerned, differs from most if not from all the arts and crafts represented in the exhibition.",0.037037037037037035,0.013245033112582781,9.6550625,10.7380625,1.0830000000000002,2254.350787239515,2215.369393477226,-38.98139376228892,0.07959365844726562,0.07419642060995102,-0.005397237837314606,0.8529292345046997,0.8529292345046997,0.0,4,14,10,62.13984906185579,62.64855696961841,0.50870790776262
LJ001-0001.wav,pause_insertion,"{'pause_prob': 0.1, 'pause_ms': (100, 200)}",../data/augmented/pause_insertion/LJ001-0001__pause_insertion_p0_1_d100-200.wav,"Printing, in the only sense with which we are at present concerned, differs from most if not from all the arts and crafts represented in the Exhibition",Presenting in the only sense with which we are at present concerned differs from most if not from all the arts and crafts represented in the exhibition.,0.1111111111111111,0.046357615894039736,9.6550625,12.8350625,3.1799999999999997,2254.350787239515,2160.0036781699287,-94.34710906958617,0.07959365844726562,0.06425570696592331,-0.015337951481342316,0.8529292345046997,0.8529292345046997,0.0,4,25,21,62.13984906185579,63.44467107513275,1.3048220132769615
LJ001-0001.wav,pause_insertion,"{'pause_prob': 0.15, 'pause_ms': (150, 300)}",../data/augmented/pause_insertion/LJ001-0001__pause_insertion_p0_15_d150-300.wav,"Printing, in the only sense with which we are at present concerned, differs from most if not from all the arts and crafts represented in the Exhibition","Printing in the only sentence with which we are present, concerned, different from most if not from all the arts and crafts represented in the exhibition.",0.2222222222222222,0.09271523178807947,9.6550625,15.4310625,5.776,2254.350787239515,1815.3998770983262,-438.9509101411886,0.07959365844726562,0.05467545986175537,-0.024918198585510254,0.8529292345046997,0.8529292345046997,0.0,4,27,23,62.13984906185579,65.01663390509057,2.8767848432347805
LJ001-0001.wav,pause_insertion,"{'pause_prob': 0.2, 'pause_ms': (150, 300)}",../data/augmented/pause_insertion/LJ001-0001__pause_insertion_p0_2_d150-300.wav,"Printing, in the only sense with which we are at present concerned, differs from most if not from all the arts and crafts represented in the Exhibition",Printing in the only sense with which we are represent concerned differs from most different from all the arts and crafts represented in the exhibition.,0.25925925925925924,0.08609271523178808,9.6550625,17.1620625,7.5070000000000014,2254.350787239515,1859.311365425634,-395.03942181388084,0.07959365844726562,0.05005012825131416,-0.029543530195951462,0.8529292345046997,0.8529292345046997,0.0,4,33,29,62.13984906185579,65.52447966826254,3.384630606406752
LJ001-0002.wav,lowpass,5000,../data/augmented/lowpass/LJ001-0002__lowpass_5000.wav,in being comparatively modern.,in being comparatively modern.,0.0,0.0,1.8995625,1.8995625,0.0,1395.9808174664493,1210.3644105735423,-185.61640689290698,0.07481225579977036,0.07474219053983688,-7.006525993347168e-05,0.49602293968200684,0.5203474164009094,0.024324476718902588,1,1,0,68.45385918093284,67.4181996825715,-1.0356594983613405
LJ001-0002.wav,lowpass,4000,../data/augmented/lowpass/LJ001-0002__lowpass_4000.wav,in being comparatively modern.,in being comparatively modern.,0.0,0.0,1.8995625,1.8995625,0.0,1395.9808174664493,1088.1425518213305,-307.8382656451188,0.07481225579977036,0.07456927001476288,-0.0002429857850074768,0.49602293968200684,0.5094290375709534,0.013406097888946533,1,1,0,68.45385918093284,67.41806761300906,-1.0357915679237806
LJ001-0002.wav,lowpass,3000,../data/augmented/lowpass/LJ001-0002__lowpass_3000.wav,in being comparatively modern.,in being comparatively modern.,0.0,0.0,1.8995625,1.8995625,0.0,1395.9808174664493,939.5597435639226,-456.4210739025267,0.07481225579977036,0.07424543052911758,-0.000566825270652771,0.49602293968200684,0.5021029114723206,0.006079971790313721,1,1,0,68.45385918093284,67.06137830165636,-1.3924808792764765
LJ001-0002.wav,lowpass,2500,../data/augmented/lowpass/LJ001-0002__lowpass_2500.wav,in being comparatively modern.,in being comparatively modern.,0.0,0.0,1.8995625,1.8995625,0.0,1395.9808174664493,851.7134388248184,-544.2673786416309,0.07481225579977036,0.07385848462581635,-0.00095377117395401,0.49602293968200684,0.49169936776161194,-0.0043235719203948975,1,1,0,68.45385918093284,68.36462960974563,-0.08922957118720376
LJ001-0002.wav,timestretch,0.98,../data/augmented/timestretch/LJ001-0002__timestretch_0_98.wav,in being comparatively modern.,in being comparatively modern.,0.0,0.0,1.8995625,1.9383125,0.03875000000000006,1395.9808174664493,1367.3955832498618,-28.585234216587423,0.07481225579977036,0.06028332933783531,-0.014528926461935043,0.49602293968200684,0.35295891761779785,-0.14306402206420898,1,1,0,68.45385918093284,69.48370286321015,1.029843682277317
LJ001-0002.wav,timestretch,0.95,../data/augmented/timestretch/LJ001-0002__timestretch_0_95.wav,in being comparatively modern.,in being comparatively modern.,0.0,0.0,1.8995625,1.9995625,0.09999999999999987,1395.9808174664493,1363.257089689274,-32.72372777717533,0.07481225579977036,0.05354093015193939,-0.021271325647830963,0.49602293968200684,0.33782973885536194,-0.1581932008266449,1,1,0,68.45385918093284,77.55658857832915,9.102729397396317
LJ001-0002.wav,timestretch,0.92,../data/augmented/timestretch/LJ001-0002__timestretch_0_92.wav,in being comparatively modern.,in being comparatively modern.,0.0,0.0,1.8995625,2.06475,0.16518750000000004,1395.9808174664493,1358.4131906974098,-37.56762676903941,0.07481225579977036,0.05489417910575867,-0.019918076694011688,0.49602293968200684,0.34001624584198,-0.15600669384002686,1,1,0,68.45385918093284,68.70853997163476,0.25468079070192573
LJ001-0002.wav,timestretch,0.88,../data/augmented/timestretch/LJ001-0002__timestretch_0_88.wav,in being comparatively modern.,in being comparatively modern.,0.0,0.0,1.8995625,2.158625,0.25906249999999975,1395.9808174664493,1352.7964620690523,-43.184355397396985,0.07481225579977036,0.05626419186592102,-0.018548063933849335,0.49602293968200684,0.3559313118457794,-0.14009162783622742,1,1,0,68.45385918093284,67.12307019924087,-1.330788981691967
LJ001-0002.wav,pitch_compression,0.9,../data/augmented/pitch_compression/LJ001-0002__pitch_compression_0_9.wav,in being comparatively modern.,in being comparatively modern.,0.0,0.0,1.8995625,1.8995625,0.0,1395.9808174664493,1222.9490176022205,-173.0317998642288,0.07481225579977036,0.057420745491981506,-0.01739151030778885,0.49602293968200684,0.4232848882675171,-0.07273805141448975,1,1,0,68.45385918093284,65.00996017761274,-3.443899003320098
LJ001-0002.wav,pitch_compression,0.75,../data/augmented/pitch_compression/LJ001-0002__pitch_compression_0_75.wav,in being comparatively modern.,in being apparently hotter.,0.5,0.4,1.8995625,1.8995625,0.0,1395.9808174664493,1145.485846050563,-250.4949714158863,0.07481225579977036,0.05286557227373123,-0.021946683526039124,0.49602293968200684,0.40144962072372437,-0.09457331895828247,1,1,0,68.45385918093284,62.76575299174903,-5.688106189183806
LJ001-0002.wav,pitch_compression,0.6,../data/augmented/pitch_compression/LJ001-0002__pitch_compression_0_6.wav,in being comparatively modern.,Encourage queens water.,1.0,0.7333333333333333,1.8995625,1.8995625,0.0,1395.9808174664493,1044.3122631949852,-351.668554271464,0.07481225579977036,0.048678748309612274,-0.02613350749015808,0.49602293968200684,0.36855149269104004,-0.1274714469909668,1,1,0,68.45385918093284,49.34214565547094,-19.1117135254619
LJ001-0002.wav,pitch_compression,0.5,../data/augmented/pitch_compression/LJ001-0002__pitch_compression_0_5.wav,in being comparatively modern.,In the comparatively modern.,0.5,0.2,1.8995625,1.8995625,0.0,1395.9808174664493,964.8807967034871,-431.1000207629621,0.07481225579977036,0.05030297115445137,-0.024509284645318985,0.49602293968200684,0.3621588349342346,-0.13386410474777222,1,1,0,68.45385918093284,48.91874698341159,-19.53511219752125
LJ001-0002.wav,noise,0.001,../data/augmented/noise/LJ001-0002__noise_0_001.wav,in being comparatively modern.,in being comparatively modern.,0.0,0.0,1.8995625,1.8995625,0.0,1395.9808174664493,1589.413980941066,193.43316347461678,0.07481225579977036,0.07482416927814484,1.1913478374481201e-05,0.49602293968200684,0.49662715196609497,0.0006042122840881348,1,1,0,68.45385918093284,68.23269056782419,-0.22116861310864522
LJ001-0002.wav,noise,0.003,../data/augmented/noise/LJ001-0002__noise_0_003.wav,in being comparatively modern.,in being comparatively modern.,0.0,0.0,1.8995625,1.8995625,0.0,1395.9808174664493,1818.4470151441203,422.46619767767106,0.07481225579977036,0.07494150102138519,0.00012924522161483765,0.49602293968200684,0.5013487339019775,0.005325794219970703,1,0,-1,68.45385918093284,68.29454349202749,-0.15931568890535175
LJ001-0002.wav,noise,0.005,../data/augmented/noise/LJ001-0002__noise_0_005.wav,in being comparatively modern.,in being comparatively modern.,0.0,0.0,1.8995625,1.8995625,0.0,1395.9808174664493,2008.6210916064333,612.6402741399841,0.07481225579977036,0.07510389387607574,0.0002916380763053894,0.49602293968200684,0.504246175289154,0.008223235607147217,1,0,-1,68.45385918093284,68.20777507365243,-0.24608410728041008
LJ001-0002.wav,noise,0.008,../data/augmented/noise/LJ001-0002__noise_0_008.wav,in being comparatively modern.,in being comparatively modern.,0.0,0.0,1.8995625,1.8995625,0.0,1395.9808174664493,2241.255230035527,845.2744125690776,0.07481225579977036,0.07562757283449173,0.0008153170347213745,0.49602293968200684,0.4933357834815979,-0.0026871562004089355,1,0,-1,68.45385918093284,66.50577670217199,-1.9480824787608526
LJ001-0002.wav,pause_insertion,"{'pause_prob': 0.05, 'pause_ms': (60, 120)}",../data/augmented/pause_insertion/LJ001-0002__pause_insertion_p0_05_d60-120.wav,in being comparatively modern.,in being comparatively modern.,0.0,0.0,1.8995625,2.1035625,0.20399999999999974,1395.9808174664493,1384.8305383782806,-11.150279088168645,0.07481225579977036,0.069159597158432,-0.005652658641338348,0.49602293968200684,0.49602293968200684,0.0,1,2,1,68.45385918093284,67.29936229291565,-1.1544968880171922
LJ001-0002.wav,pause_insertion,"{'pause_prob': 0.1, 'pause_ms': (100, 200)}",../data/augmented/pause_insertion/LJ001-0002__pause_insertion_p0_1_d100-200.wav,in being comparatively modern.,in being comparatively modern.,0.0,0.0,1.8995625,2.5595625,0.6600000000000001,1395.9808174664493,1287.1329494408697,-108.8478680255796,0.07481225579977036,0.060722362250089645,-0.01408989354968071,0.49602293968200684,0.49602293968200684,0.0,1,4,3,68.45385918093284,68.32162882106924,-0.13223035986359832
LJ001-0002.wav,pause_insertion,"{'pause_prob': 0.15, 'pause_ms': (150, 300)}",../data/augmented/pause_insertion/LJ001-0002__pause_insertion_p0_15_d150-300.wav,in being comparatively modern.,in being comparative-liberally modern.,0.25,0.26666666666666666,1.8995625,2.5935625,0.694,1395.9808174664493,1214.8646995190104,-181.11611794743885,0.07481225579977036,0.05740639567375183,-0.017405860126018524,0.49602293968200684,0.49602293968200684,0.0,1,3,2,68.45385918093284,66.86826407090544,-1.5855951100273984
LJ001-0002.wav,pause_insertion,"{'pause_prob': 0.2, 'pause_ms': (150, 300)}",../data/augmented/pause_insertion/LJ001-0002__pause_insertion_p0_2_d150-300.wav,in being comparatively modern.,in being competitively modern.,0.25,0.1,1.8995625,3.7395625,1.8399999999999999,1395.9808174664493,1198.885780023765,-197.09503744268432,0.07481225579977036,0.04324907436966896,-0.031563181430101395,0.49602293968200684,0.49602293968200684,0.0,1,9,8,68.45385918093284,68.08779229301504,-0.3660668879177962
LJ001-0003.wav,lowpass,5000,../data/augmented/lowpass/LJ001-0003__lowpass_5000.wav,"For although the Chinese took impressions from wood blocks engraved in relief for centuries before the woodcutters of the Netherlands, by a similar process","For although the Chinese took impressions from wood blocks and graved in relief for centuries before the wood cutters of the Netherlands by a similar process,",0.25,0.03870967741935484,9.666625,9.666625,0.0,2257.701685756556,1674.8072527996671,-582.8944329568887,0.08817410469055176,0.08317381888628006,-0.005000285804271698,0.948204755783081,0.9515962600708008,0.0033915042877197266,5,6,1,79.30108245341799,77.82156439346622,-1.479518059951772
LJ001-0003.wav,lowpass,4000,../data/augmented/lowpass/LJ001-0003__lowpass_4000.wav,"For although the Chinese took impressions from wood blocks engraved in relief for centuries before the woodcutters of the Netherlands, by a similar process","For although the Chinese took impressions from wood blocks and graved in relief for centuries before the wood cutters of the Netherlands by a similar process,",0.25,0.03870967741935484,9.666625,9.666625,0.0,2257.701685756556,1428.7294208195042,-828.9722649370517,0.08817410469055176,0.08204202353954315,-0.006132081151008606,0.948204755783081,0.9492714405059814,0.0010666847229003906,5,7,2,79.30108245341799,72.25383699924306,-7.047245454174927
LJ001-0003.wav,lowpass,3000,../data/augmented/lowpass/LJ001-0003__lowpass_3000.wav,"For although the Chinese took impressions from wood blocks engraved in relief for centuries before the woodcutters of the Netherlands, by a similar process","For although the Chinese took impressions from wood blocks and graved in relief for centuries before the wood cutters of the Netherlands by a similar process,",0.25,0.03870967741935484,9.666625,9.666625,0.0,2257.701685756556,1143.7954268749786,-1113.9062588815773,0.08817410469055176,0.08143506199121475,-0.006739042699337006,0.948204755783081,0.9712057113647461,0.02300095558166504,5,12,7,79.30108245341799,71.26819835237026,-8.032884101047728
LJ001-0003.wav,lowpass,2500,../data/augmented/lowpass/LJ001-0003__lowpass_2500.wav,"For although the Chinese took impressions from wood blocks engraved in relief for centuries before the woodcutters of the Netherlands, by a similar process",For although the Chinese took impressions from wood blocks and graved in relief for centuries before the wood cutters of the Netherlands by a similar process,0.20833333333333334,0.03225806451612903,9.666625,9.666625,0.0,2257.701685756556,997.5683755220675,-1260.1333102344884,0.08817410469055176,0.08108128607273102,-0.00709281861782074,0.948204755783081,0.973237156867981,0.025032401084899902,5,11,6,79.30108245341799,69.79779726429341,-9.503285189124583
LJ001-0003.wav,timestretch,0.98,../data/augmented/timestretch/LJ001-0003__timestretch_0_98.wav,"For although the Chinese took impressions from wood blocks engraved in relief for centuries before the woodcutters of the Netherlands, by a similar process",For although the Chinese took impressions from wood blocks in Ray-Dameleaf percentories before the wood cutters of the Netherlands by a similar process,0.2916666666666667,0.12258064516129032,9.666625,9.863875,0.19725000000000037,2257.701685756556,2268.3249481033154,10.623262346759475,0.08817410469055176,0.06198164075613022,-0.02619246393442154,0.948204755783081,0.9455693364143372,-0.0026354193687438965,5,4,-1,79.30108245341799,79.27702373280972,-0.024058720608266526
LJ001-0003.wav,timestretch,0.95,../data/augmented/timestretch/LJ001-0003__timestretch_0_95.wav,"For although the Chinese took impressions from wood blocks engraved in relief for centuries before the woodcutters of the Netherlands, by a similar process","For although the Chinese took impressions from wood blocks in brave, generally, percentages before the wood cutters of the Netherlands by a similar process,",0.3333333333333333,0.12903225806451613,9.666625,10.175375,0.5087500000000009,2257.701685756556,2263.4111989520675,5.70951319551159,0.08817410469055176,0.06353165209293365,-0.024642452597618103,0.948204755783081,0.9253730773925781,-0.02283167839050293,5,5,0,79.30108245341799,71.6528797906498,-7.648202662768185
LJ001-0003.wav,timestretch,0.92,../data/augmented/timestretch/LJ001-0003__timestretch_0_92.wav,"For although the Chinese took impressions from wood blocks engraved in relief for centuries before the woodcutters of the Netherlands, by a similar process","For although the Chinese took impressions from wood blocks in brave, dim relief procedures before the good cutters of the Netherlands by a similar process,",0.375,0.1032258064516129,9.666625,10.5071875,0.8405625000000008,2257.701685756556,2273.7659089227586,16.064223166202737,0.08817410469055176,0.062377989292144775,-0.025796115398406982,0.948204755783081,0.9143051505088806,-0.03389960527420044,5,5,0,79.30108245341799,71.17038143117698,-8.130701022241013
LJ001-0003.wav,timestretch,0.88,../data/augmented/timestretch/LJ001-0003__timestretch_0_88.wav,"For although the Chinese took impressions from wood blocks engraved in relief for centuries before the woodcutters of the Netherlands, by a similar process",For although the Chinese took impressions from wood blocks engraved in relief percentages before the wood cutters of the Netherlands by a similar process.,0.25,0.05806451612903226,9.666625,10.9848125,1.3181875000000005,2257.701685756556,2270.546196774363,12.844511017807235,0.08817410469055176,0.061365362256765366,-0.026808742433786392,0.948204755783081,0.8906907439231873,-0.0575140118598938,5,5,0,79.30108245341799,66.99853496857075,-12.302547484847238
LJ001-0003.wav,pitch_compression,0.9,../data/augmented/pitch_compression/LJ001-0003__pitch_compression_0_9.wav,"For although the Chinese took impressions from wood blocks engraved in relief for centuries before the woodcutters of the Netherlands, by a similar process",For although the Chinese surimpressions from wood blocks engraved in relief percentories before the good colors of the neverlands by a similar process.,0.3333333333333333,0.12903225806451613,9.666625,9.666625,0.0,2257.701685756556,2110.492048184562,-147.20963757199388,0.08817410469055176,0.06258771568536758,-0.025586389005184174,0.948204755783081,0.8530477285385132,-0.09515702724456787,5,5,0,79.30108245341799,64.3525492699395,-14.948533183478489
LJ001-0003.wav,pitch_compression,0.75,../data/augmented/pitch_compression/LJ001-0003__pitch_compression_0_75.wav,"For although the Chinese took impressions from wood blocks engraved in relief for centuries before the woodcutters of the Netherlands, by a similar process","For all of the Chinese silk impressions from wood blocks in Rage and Relief percentories before the wood cutters of the Netherlands by similar process,",0.5416666666666666,0.16129032258064516,9.666625,9.666625,0.0,2257.701685756556,1905.2348249241365,-352.46686083241934,0.08817410469055176,0.05903707444667816,-0.029137030243873596,0.948204755783081,0.7553635835647583,-0.19284117221832275,5,4,-1,79.30108245341799,62.25681103822651,-17.04427141519148
LJ001-0003.wav,pitch_compression,0.6,../data/augmented/pitch_compression/LJ001-0003__pitch_compression_0_6.wav,"For although the Chinese took impressions from wood blocks engraved in relief for centuries before the woodcutters of the Netherlands, by a similar process","For all the Chinese impressions from wood blocks in raging relief procedures, including wood cutters of the Netherlands by a similar process,",0.4583333333333333,0.24516129032258063,9.666625,9.666625,0.0,2257.701685756556,1717.110325053347,-540.5913607032089,0.08817410469055176,0.05713846907019615,-0.031035635620355606,0.948204755783081,0.7294408082962036,-0.21876394748687744,5,4,-1,79.30108245341799,63.94610568216227,-15.354976771255721
LJ001-0003.wav,pitch_compression,0.5,../data/augmented/pitch_compression/LJ001-0003__pitch_compression_0_5.wav,"For although the Chinese took impressions from wood blocks engraved in relief for centuries before the woodcutters of the Netherlands, by a similar process","For all the Chinese circumpressions from wood blocks, in raging relief percentages, before the wood cartons of the Netherlands are still in process,",0.625,0.2838709677419355,9.666625,9.666625,0.0,2257.701685756556,1618.4691924706078,-639.2324932859481,0.08817410469055176,0.05404134467244148,-0.034132760018110275,0.948204755783081,0.7480509281158447,-0.20015382766723633,5,4,-1,79.30108245341799,54.90228806085188,-24.39879439256611
LJ001-0003.wav,noise,0.001,../data/augmented/noise/LJ001-0003__noise_0_001.wav,"For although the Chinese took impressions from wood blocks engraved in relief for centuries before the woodcutters of the Netherlands, by a similar process","For although the Chinese took impressions from wood blocks and graved in relief for centuries before the wood cutters of the Netherlands by a similar process,",0.25,0.03870967741935484,9.666625,9.666625,0.0,2257.701685756556,2338.08992673856,80.38824098200394,0.08817410469055176,0.08820074796676636,2.664327621459961e-05,0.948204755783081,0.9487740397453308,0.0005692839622497559,5,5,0,79.30108245341799,77.6108475199828,-1.6902349334351925
LJ001-0003.wav,noise,0.003,../data/augmented/noise/LJ001-0003__noise_0_003.wav,"For although the Chinese took impressions from wood blocks engraved in relief for centuries before the woodcutters of the Netherlands, by a similar process","For although the Chinese took impressions from wood blocks and graved in relief for centuries before the wood cutters of the Netherlands by a similar process,",0.25,0.03870967741935484,9.666625,9.666625,0.0,2257.701685756556,2466.9055064602157,209.20382070365986,0.08817410469055176,0.08834382891654968,0.0001697242259979248,0.948204755783081,0.9496510028839111,0.0014462471008300781,5,2,-3,79.30108245341799,75.21848453984403,-4.082597913573963
LJ001-0003.wav,noise,0.005,../data/augmented/noise/LJ001-0003__noise_0_005.wav,"For although the Chinese took impressions from wood blocks engraved in relief for centuries before the woodcutters of the Netherlands, by a similar process","For although the Chinese took impressions from wood blocks and graved in relief for centuries before the wood cutters of the Netherlands by a similar process,",0.25,0.03870967741935484,9.666625,9.666625,0.0,2257.701685756556,2577.3958830481274,319.6941972915715,0.08817410469055176,0.0885944589972496,0.00042035430669784546,0.948204755783081,0.9460471868515015,-0.00215756893157959,5,0,-5,79.30108245341799,70.73917300705016,-8.561909446367835
LJ001-0003.wav,noise,0.008,../data/augmented/noise/LJ001-0003__noise_0_008.wav,"For although the Chinese took impressions from wood blocks engraved in relief for centuries before the woodcutters of the Netherlands, by a similar process","For although the Chinese took impressions from wood blocks and graved in relief for centuries before the wood cutters of the Netherlands by a similar process,",0.25,0.03870967741935484,9.666625,9.666625,0.0,2257.701685756556,2718.03668356529,460.334997808734,0.08817410469055176,0.08905846625566483,0.0008843615651130676,0.948204755783081,0.9499883651733398,0.001783609390258789,5,0,-5,79.30108245341799,70.88743082889978,-8.41365162451821
LJ001-0003.wav,pause_insertion,"{'pause_prob': 0.05, 'pause_ms': (60, 120)}",../data/augmented/pause_insertion/LJ001-0003__pause_insertion_p0_05_d60-120.wav,"For although the Chinese took impressions from wood blocks engraved in relief for centuries before the woodcutters of the Netherlands, by a similar process","For although the Chinese took impressions from wood blocks and graved in relief for centuries before the wood cutters of the Netherlands by a similar process,",0.25,0.03870967741935484,9.666625,10.467625,0.8010000000000002,2257.701685756556,2213.5709579088734,-44.130727847682465,0.08817410469055176,0.0841333344578743,-0.00404077023267746,0.948204755783081,0.948204755783081,0.0,5,13,8,79.30108245341799,74.40335861416466,-4.897723839253331
LJ001-0003.wav,pause_insertion,"{'pause_prob': 0.1, 'pause_ms': (100, 200)}",../data/augmented/pause_insertion/LJ001-0003__pause_insertion_p0_1_d100-200.wav,"For although the Chinese took impressions from wood blocks engraved in relief for centuries before the woodcutters of the Netherlands, by a similar process","For although the Chinese took impressions from wood blocks and graved in relief for centuries before the wood cutters of the Netherlands by a similar process,",0.25,0.03870967741935484,9.666625,11.534625,1.8680000000000003,2257.701685756556,2147.335224477458,-110.36646127909808,0.08817410469055176,0.07652842998504639,-0.011645674705505371,0.948204755783081,0.948204755783081,0.0,5,17,12,79.30108245341799,69.07131993705659,-10.229762516361404
LJ001-0003.wav,pause_insertion,"{'pause_prob': 0.15, 'pause_ms': (150, 300)}",../data/augmented/pause_insertion/LJ001-0003__pause_insertion_p0_15_d150-300.wav,"For although the Chinese took impressions from wood blocks engraved in relief for centuries before the woodcutters of the Netherlands, by a similar process","Before, although the Chinese took impressions from wood blocks engraved in religious the four centuries before the wood cutters of the Netherlands by a similar process.",0.3333333333333333,0.11612903225806452,9.666625,16.552625,6.885999999999999,2257.701685756556,1720.5969318051416,-537.1047539514143,0.08817410469055176,0.056062959134578705,-0.03211114555597305,0.948204755783081,0.948204755783081,0.0,5,30,25,79.30108245341799,70.38275544894307,-8.918327004474918
LJ001-0003.wav,pause_insertion,"{'pause_prob': 0.2, 'pause_ms': (150, 300)}",../data/augmented/pause_insertion/LJ001-0003__pause_insertion_p0_2_d150-300.wav,"For although the Chinese took impressions from wood blocks engraved in relief for centuries before the woodcutters of the Netherlands, by a similar process","Although the Chinese took impressions from the wood block, in great wave-division relief for centuries, the wood cutters of the Netherlands by a similar process",0.5,0.2064516129032258,9.666625,18.502625,8.835999999999999,2257.701685756556,1809.1153427823165,-448.5863429742394,0.08817410469055176,0.05336068198084831,-0.034813422709703445,0.948204755783081,0.948204755783081,0.0,5,41,36,79.30108245341799,70.07902231479294,-9.222060138625054
LJ001-0004.wav,lowpass,5000,../data/augmented/lowpass/LJ001-0004__lowpass_5000.wav,"produced the block books, which were the immediate predecessors of the true printed book,","produced the block books, which were the immediate predecessors of the true printed book.",0.07142857142857142,0.011235955056179775,5.13875,5.13875,0.0,2304.324221795016,1704.2567088585695,-600.0675129364465,0.07053907960653305,0.06636793911457062,-0.004171140491962433,0.6105186343193054,0.6212427020072937,0.010724067687988281,6,6,0,66.23680522384552,72.02163597956077,5.784830755715248
LJ001-0004.wav,lowpass,4000,../data/augmented/lowpass/LJ001-0004__lowpass_4000.wav,"produced the block books, which were the immediate predecessors of the true printed book,","produced the block books, which were the immediate predecessors of the true printed book.",0.07142857142857142,0.011235955056179775,5.13875,5.13875,0.0,2304.324221795016,1435.1364182176521,-869.1878035773639,0.07053907960653305,0.06567477434873581,-0.004864305257797241,0.6105186343193054,0.6271482110023499,0.016629576683044434,6,6,0,66.23680522384552,65.53253559435038,-0.704269629495144
LJ001-0004.wav,lowpass,3000,../data/augmented/lowpass/LJ001-0004__lowpass_3000.wav,"produced the block books, which were the immediate predecessors of the true printed book,","produced the block books, which were the immediate predecessors of the true printed book.",0.07142857142857142,0.011235955056179775,5.13875,5.13875,0.0,2304.324221795016,1135.794931779707,-1168.529290015309,0.07053907960653305,0.06522403657436371,-0.005315043032169342,0.6105186343193054,0.5946683287620544,-0.015850305557250977,6,7,1,66.23680522384552,65.81046891807601,-0.4263363057695102
LJ001-0004.wav,lowpass,2500,../data/augmented/lowpass/LJ001-0004__lowpass_2500.wav,"produced the block books, which were the immediate predecessors of the true printed book,","produced the block books, which were the immediate predecessors of the true printed book.",0.07142857142857142,0.011235955056179775,5.13875,5.13875,0.0,2304.324221795016,991.8218747041476,-1312.5023470908684,0.07053907960653305,0.0650271624326706,-0.005511917173862457,0.6105186343193054,0.5709918737411499,-0.03952676057815552,6,7,1,66.23680522384552,65.36635885098991,-0.8704463728556107
LJ001-0004.wav,timestretch,0.98,../data/augmented/timestretch/LJ001-0004__timestretch_0_98.wav,"produced the block books, which were the immediate predecessors of the true printed book,",produced the block books before the immediate predecessors of the true project book.,0.35714285714285715,0.16853932584269662,5.13875,5.243625,0.10487499999999983,2304.324221795016,2311.702076415289,7.377854620272956,0.07053907960653305,0.051282335072755814,-0.019256744533777237,0.6105186343193054,0.468912810087204,-0.14160582423210144,6,3,-3,66.23680522384552,70.19130868846317,3.9545034646176447
LJ001-0004.wav,timestretch,0.95,../data/augmented/timestretch/LJ001-0004__timestretch_0_95.wav,"produced the block books, which were the immediate predecessors of the true printed book,","Produced the block books, which were the immediate predecessors of the true project book.",0.21428571428571427,0.07865168539325842,5.13875,5.4091875,0.2704374999999999,2304.324221795016,2334.484054918356,30.159833123339922,0.07053907960653305,0.04963170364499092,-0.02090737596154213,0.6105186343193054,0.5257251858711243,-0.08479344844818115,6,4,-2,66.23680522384552,61.16074982092546,-5.076055402920062
LJ001-0004.wav,timestretch,0.92,../data/augmented/timestretch/LJ001-0004__timestretch_0_92.wav,"produced the block books, which were the immediate predecessors of the true printed book,","Produced with lock books, which were the immediate predecessors of the true project book.",0.35714285714285715,0.12359550561797752,5.13875,5.585625,0.44687500000000036,2304.324221795016,2324.1167238253765,19.792502030360538,0.07053907960653305,0.04783472791314125,-0.0227043516933918,0.6105186343193054,0.4453699290752411,-0.16514870524406433,6,3,-3,66.23680522384552,77.31231349822276,11.075508274377242
LJ001-0004.wav,timestretch,0.88,../data/augmented/timestretch/LJ001-0004__timestretch_0_88.wav,"produced the block books, which were the immediate predecessors of the true printed book,",produced with lock box which were the immediate predecessors of the true printed book.,0.2857142857142857,0.10112359550561797,5.13875,5.8395,0.7007500000000002,2304.324221795016,2342.908160917504,38.58393912248812,0.07053907960653305,0.04747818037867546,-0.02306089922785759,0.6105186343193054,0.4453539550304413,-0.16516467928886414,6,3,-3,66.23680522384552,69.89733059679597,3.6605253729504454
LJ001-0004.wav,pitch_compression,0.9,../data/augmented/pitch_compression/LJ001-0004__pitch_compression_0_9.wav,"produced the block books, which were the immediate predecessors of the true printed book,","Produced the mock walks, which were the immediate predecessors of the true printed walk.",0.2857142857142857,0.11235955056179775,5.13875,5.13875,0.0,2304.324221795016,2156.815689680701,-147.50853211431513,0.07053907960653305,0.0485244058072567,-0.022014673799276352,0.6105186343193054,0.5541032552719116,-0.0564153790473938,6,2,-4,66.23680522384552,71.03021042489742,4.793405201051897
LJ001-0004.wav,pitch_compression,0.75,../data/augmented/pitch_compression/LJ001-0004__pitch_compression_0_75.wav,"produced the block books, which were the immediate predecessors of the true printed book,","Produced with mock books, with the immediate press as there's a different printed book.",0.7857142857142857,0.38202247191011235,5.13875,5.13875,0.0,2304.324221795016,1947.6229336968122,-356.7012880982038,0.07053907960653305,0.04673406481742859,-0.02380501478910446,0.6105186343193054,0.47382766008377075,-0.13669097423553467,6,2,-4,66.23680522384552,69.83590007726718,3.5990948534216614
LJ001-0004.wav,pitch_compression,0.6,../data/augmented/pitch_compression/LJ001-0004__pitch_compression_0_6.wav,"produced the block books, which were the immediate predecessors of the true printed book,",Just lock boltsscreams!,1.0,0.8202247191011236,5.13875,5.13875,0.0,2304.324221795016,1763.1721732045635,-541.1520485904525,0.07053907960653305,0.04444967582821846,-0.02608940377831459,0.6105186343193054,0.42048317193984985,-0.19003546237945557,6,2,-4,66.23680522384552,61.13208434251463,-5.104720881330891
LJ001-0004.wav,pitch_compression,0.5,../data/augmented/pitch_compression/LJ001-0004__pitch_compression_0_5.wav,"produced the block books, which were the immediate predecessors of the true printed book,",Pruduced walkkreuzx. Sorry about that. Here. Please. Please. Please. Our Peri Loveolie Bring your Donut Donut,1.1428571428571428,0.8539325842696629,5.13875,5.13875,0.0,2304.324221795016,1641.2553893148306,-663.0688324801854,0.07053907960653305,0.04540373012423515,-0.025135349482297897,0.6105186343193054,0.372314989566803,-0.23820364475250244,6,2,-4,66.23680522384552,74.35514033166523,8.118335107819703
LJ001-0004.wav,noise,0.001,../data/augmented/noise/LJ001-0004__noise_0_001.wav,"produced the block books, which were the immediate predecessors of the true printed book,","produced the block books, which were the immediate predecessors of the true printed book.",0.07142857142857142,0.011235955056179775,5.13875,5.13875,0.0,2304.324221795016,2424.6936034167243,120.36938162170827,0.07053907960653305,0.07056651264429092,2.7433037757873535e-05,0.6105186343193054,0.6118491291999817,0.0013304948806762695,6,6,0,66.23680522384552,66.35323309441976,0.11642787057424187
LJ001-0004.wav,noise,0.003,../data/augmented/noise/LJ001-0004__noise_0_003.wav,"produced the block books, which were the immediate predecessors of the true printed book,","produced the block books, which were the immediate predecessors of the true printed book.",0.07142857142857142,0.011235955056179775,5.13875,5.13875,0.0,2304.324221795016,2606.9041507307443,302.5799289357283,0.07053907960653305,0.07073839008808136,0.00019931048154830933,0.6105186343193054,0.611992597579956,0.0014739632606506348,6,4,-2,66.23680522384552,66.20797371485624,-0.02883150898928477
LJ001-0004.wav,noise,0.005,../data/augmented/noise/LJ001-0004__noise_0_005.wav,"produced the block books, which were the immediate predecessors of the true printed book,","produced the block books, which were the immediate predecessors of the true printed book.",0.07142857142857142,0.011235955056179775,5.13875,5.13875,0.0,2304.324221795016,2738.0492071375375,433.72498534252145,0.07053907960653305,0.071027971804142,0.0004888921976089478,0.6105186343193054,0.6156050562858582,0.005086421966552734,6,0,-6,66.23680522384552,65.95089979270684,-0.28590543113868705
LJ001-0004.wav,noise,0.008,../data/augmented/noise/LJ001-0004__noise_0_008.wav,"produced the block books, which were the immediate predecessors of the true printed book,","produced the block books, which were the immediate predecessors of the true printed book.",0.07142857142857142,0.011235955056179775,5.13875,5.13875,0.0,2304.324221795016,2898.651260160201,594.3270383651852,0.07053907960653305,0.07157046347856522,0.0010313838720321655,0.6105186343193054,0.6146935224533081,0.0041748881340026855,6,0,-6,66.23680522384552,64.776156507525,-1.4606487163205202
LJ001-0004.wav,pause_insertion,"{'pause_prob': 0.05, 'pause_ms': (60, 120)}",../data/augmented/pause_insertion/LJ001-0004__pause_insertion_p0_05_d60-120.wav,"produced the block books, which were the immediate predecessors of the true printed book,","produced the block books, which were the immediate predecessors of the true printed book.",0.07142857142857142,0.011235955056179775,5.13875,5.50275,0.3639999999999999,2304.324221795016,2279.925912906234,-24.39830888878214,0.07053907960653305,0.06675316393375397,-0.0037859156727790833,0.6105186343193054,0.6105186343193054,0.0,6,10,4,66.23680522384552,66.0462950920702,-0.19051013177532639
LJ001-0004.wav,pause_insertion,"{'pause_prob': 0.1, 'pause_ms': (100, 200)}",../data/augmented/pause_insertion/LJ001-0004__pause_insertion_p0_1_d100-200.wav,"produced the block books, which were the immediate predecessors of the true printed book,","produced the block books, which were the immediate predecessor of the true printed book.",0.14285714285714285,0.02247191011235955,5.13875,6.95575,1.8170000000000002,2304.324221795016,2231.430353212926,-72.89386858208991,0.07053907960653305,0.056329961866140366,-0.014209117740392685,0.6105186343193054,0.6105186343193054,0.0,6,16,10,66.23680522384552,66.99052080563011,0.75371558178459
LJ001-0004.wav,pause_insertion,"{'pause_prob': 0.15, 'pause_ms': (150, 300)}",../data/augmented/pause_insertion/LJ001-0004__pause_insertion_p0_15_d150-300.wav,"produced the block books, which were the immediate predecessors of the true printed book,","produced the block book, which were the immediate predecessor of the true printed book.",0.21428571428571427,0.033707865168539325,5.13875,7.78275,2.644,2304.324221795016,2130.4418766055746,-173.88234518944137,0.07053907960653305,0.049831241369247437,-0.020707838237285614,0.6105186343193054,0.6105186343193054,0.0,6,16,10,66.23680522384552,66.01817288038633,-0.21863234345919125
LJ001-0004.wav,pause_insertion,"{'pause_prob': 0.2, 'pause_ms': (150, 300)}",../data/augmented/pause_insertion/LJ001-0004__pause_insertion_p0_2_d150-300.wav,"produced the block books, which were the immediate predecessors of the true printed book,","produced the blog book books, which were the immediate predecessor of the true printed book.",0.2857142857142857,0.07865168539325842,5.13875,11.33875,6.199999999999999,2304.324221795016,1651.6951909395416,-652.6290308554744,0.07053907960653305,0.03731018304824829,-0.03322889655828476,0.6105186343193054,0.6105186343193054,0.0,6,29,23,66.23680522384552,65.02265500609438,-1.2141502177511398
LJ001-0005.wav,lowpass,5000,../data/augmented/lowpass/LJ001-0005__lowpass_5000.wav,the invention of movable metal letters in the middle of the fifteenth century may justly be considered as the invention of the art of printing.,The invention of movable metal letters in the middle of the 15th century may justly be considered as the invention of the art of printing.,0.08,0.055944055944055944,8.1109375,8.1109375,0.0,1954.568202794874,1466.527968867002,-488.0402339278719,0.07263927161693573,0.07050415128469467,-0.0021351203322410583,0.6628004312515259,0.6810508370399475,0.01825040578842163,5,6,1,66.1770381342511,68.11393216182,1.936894027568897
LJ001-0005.wav,lowpass,4000,../data/augmented/lowpass/LJ001-0005__lowpass_4000.wav,the invention of movable metal letters in the middle of the fifteenth century may justly be considered as the invention of the art of printing.,The invention of movable metal letters in the middle of the 15th century may justly be considered as the invention of the art of printing.,0.08,0.055944055944055944,8.1109375,8.1109375,0.0,1954.568202794874,1274.7671947283798,-679.8010080664942,0.07263927161693573,0.070059634745121,-0.002579636871814728,0.6628004312515259,0.6629334688186646,0.00013303756713867188,5,8,3,66.1770381342511,63.57941994033846,-2.597618193912645
LJ001-0005.wav,lowpass,3000,../data/augmented/lowpass/LJ001-0005__lowpass_3000.wav,the invention of movable metal letters in the middle of the fifteenth century may justly be considered as the invention of the art of printing.,The invention of movable metal letters in the middle of the 15th century may justly be considered as the invention of the art of printing.,0.08,0.055944055944055944,8.1109375,8.1109375,0.0,1954.568202794874,1034.7163043081343,-919.8518984867396,0.07263927161693573,0.06961075961589813,-0.0030285120010375977,0.6628004312515259,0.6538252830505371,-0.00897514820098877,5,8,3,66.1770381342511,63.47170237085286,-2.7053357633982458
LJ001-0005.wav,lowpass,2500,../data/augmented/lowpass/LJ001-0005__lowpass_2500.wav,the invention of movable metal letters in the middle of the fifteenth century may justly be considered as the invention of the art of printing.,The invention of movable metal letters in the middle of the 15th century may justly be considered as the invention of the art of printing.,0.08,0.055944055944055944,8.1109375,8.1109375,0.0,1954.568202794874,904.014867525053,-1050.553335269821,0.07263927161693573,0.06934907287359238,-0.0032901987433433533,0.6628004312515259,0.6469756960868835,-0.015824735164642334,5,10,5,66.1770381342511,63.42473286592943,-2.7523052683216775
LJ001-0005.wav,timestretch,0.98,../data/augmented/timestretch/LJ001-0005__timestretch_0_98.wav,the invention of movable metal letters in the middle of the fifteenth century may justly be considered as the invention of the art of printing.,"The invention of movable metal letters in middle of the 15th century may justly be considered, as the invention of the art of printing.",0.16,0.09090909090909091,8.1109375,8.2764375,0.16549999999999976,1954.568202794874,1986.2554073371218,31.687204542247855,0.07263927161693573,0.04923783987760544,-0.023401431739330292,0.6628004312515259,0.6184850335121155,-0.0443153977394104,5,4,-1,66.1770381342511,77.4174274226918,11.240389288440696
LJ001-0005.wav,timestretch,0.95,../data/augmented/timestretch/LJ001-0005__timestretch_0_95.wav,the invention of movable metal letters in the middle of the fifteenth century may justly be considered as the invention of the art of printing.,The invention of movable metal letters in the middle of the 15th century may justly be considered as the invention of the art of printing.,0.08,0.055944055944055944,8.1109375,8.5378125,0.426874999999999,1954.568202794874,1946.35780674172,-8.210396053154,0.07263927161693573,0.05095664784312248,-0.021682623773813248,0.6628004312515259,0.5094314217567444,-0.1533690094947815,5,4,-1,66.1770381342511,69.67192391141766,3.4948857771665587
LJ001-0005.wav,timestretch,0.92,../data/augmented/timestretch/LJ001-0005__timestretch_0_92.wav,the invention of movable metal letters in the middle of the fifteenth century may justly be considered as the invention of the art of printing.,The invention of movable metal letters in the middle of the 15th century may justly be considered as the invention of the art of printing.,0.08,0.055944055944055944,8.1109375,8.81625,0.7053124999999998,1954.568202794874,1948.6764413441947,-5.891761450679269,0.07263927161693573,0.04934407025575638,-0.023295201361179352,0.6628004312515259,0.5840440988540649,-0.07875633239746094,5,4,-1,66.1770381342511,70.73921324963263,4.562175115381521
LJ001-0005.wav,timestretch,0.88,../data/augmented/timestretch/LJ001-0005__timestretch_0_88.wav,the invention of movable metal letters in the middle of the fifteenth century may justly be considered as the invention of the art of printing.,The invention of movable metal letters in the middle of the 15th century may justly be considered as the invention of the art of printing.,0.08,0.055944055944055944,8.1109375,9.217,1.1060625000000002,1954.568202794874,1960.2588685220248,5.690665727150872,0.07263927161693573,0.04873242974281311,-0.02390684187412262,0.6628004312515259,0.483412504196167,-0.1793879270553589,5,4,-1,66.1770381342511,70.42298711784233,4.245948983591219
LJ001-0005.wav,pitch_compression,0.9,../data/augmented/pitch_compression/LJ001-0005__pitch_compression_0_9.wav,the invention of movable metal letters in the middle of the fifteenth century may justly be considered as the invention of the art of printing.,The invention of movable metal letters in the middle of the 15th century may justly be considered as the invention of the art of printing.,0.08,0.055944055944055944,8.1109375,8.1109375,0.0,1954.568202794874,1802.5474598984058,-152.02074289646816,0.07263927161693573,0.05125630274415016,-0.021382968872785568,0.6628004312515259,0.548910915851593,-0.11388951539993286,5,4,-1,66.1770381342511,64.76672738925352,-1.410310744997588
LJ001-0005.wav,pitch_compression,0.75,../data/augmented/pitch_compression/LJ001-0005__pitch_compression_0_75.wav,the invention of movable metal letters in the middle of the fifteenth century may justly be considered as the invention of the art of printing.,The invention of movable metal levers in the middle of the viking century may justly be considered as the invention of the art of printing.,0.12,0.06993006993006994,8.1109375,8.1109375,0.0,1954.568202794874,1628.7131141656532,-325.85508862922075,0.07263927161693573,0.04904520884156227,-0.02359406277537346,0.6628004312515259,0.44633257389068604,-0.21646785736083984,5,4,-1,66.1770381342511,71.13655658893232,4.959518454681216
LJ001-0005.wav,pitch_compression,0.6,../data/augmented/pitch_compression/LJ001-0005__pitch_compression_0_6.wav,the invention of movable metal letters in the middle of the fifteenth century may justly be considered as the invention of the art of printing.,The invention of local metal lanners in the middle of 15th century may justly be considered as the invention of the art of printing.,0.2,0.13286713286713286,8.1109375,8.1109375,0.0,1954.568202794874,1467.6765043828589,-486.8916984120151,0.07263927161693573,0.046965450048446655,-0.025673821568489075,0.6628004312515259,0.5600663423538208,-0.10273408889770508,5,4,-1,66.1770381342511,56.94924453668037,-9.227793597570738
LJ001-0005.wav,pitch_compression,0.5,../data/augmented/pitch_compression/LJ001-0005__pitch_compression_0_5.wav,the invention of movable metal letters in the middle of the fifteenth century may justly be considered as the invention of the art of printing.,The invention of mobile metal letters in middle of Viching's entry may just be considered as the invention of the art of Viching.,0.32,0.1958041958041958,8.1109375,8.1109375,0.0,1954.568202794874,1366.6804676648783,-587.8877351299957,0.07263927161693573,0.04722842946648598,-0.025410842150449753,0.6628004312515259,0.5390589237213135,-0.1237415075302124,5,4,-1,66.1770381342511,49.66220706132375,-16.514831072927358
LJ001-0005.wav,noise,0.001,../data/augmented/noise/LJ001-0005__noise_0_001.wav,the invention of movable metal letters in the middle of the fifteenth century may justly be considered as the invention of the art of printing.,"The invention of movable metal letters in the middle of the 15th century may justly be considered, as the invention of the art of printing.",0.12,0.06293706293706294,8.1109375,8.1109375,0.0,1954.568202794874,2140.414654610341,185.84645181546716,0.07263927161693573,0.07267638295888901,3.711134195327759e-05,0.6628004312515259,0.6616553068161011,-0.0011451244354248047,5,5,0,66.1770381342511,65.9921193246817,-0.18491880956941031
LJ001-0005.wav,noise,0.003,../data/augmented/noise/LJ001-0005__noise_0_003.wav,the invention of movable metal letters in the middle of the fifteenth century may justly be considered as the invention of the art of printing.,The invention of movable metal letters in the middle of the 15th century may justly be considered as the invention of the art of printing.,0.08,0.055944055944055944,8.1109375,8.1109375,0.0,1954.568202794874,2340.642559155809,386.0743563609351,0.07263927161693573,0.07284955680370331,0.00021028518676757812,0.6628004312515259,0.6653038263320923,0.0025033950805664062,5,7,2,66.1770381342511,66.10072239500678,-0.07631573924432189
LJ001-0005.wav,noise,0.005,../data/augmented/noise/LJ001-0005__noise_0_005.wav,the invention of movable metal letters in the middle of the fifteenth century may justly be considered as the invention of the art of printing.,The invention of movable metal letters in the middle of the 15th century may justly be considered as the invention of the art of printing.,0.08,0.055944055944055944,8.1109375,8.1109375,0.0,1954.568202794874,2487.1060995746316,532.5378967797576,0.07263927161693573,0.07314148545265198,0.0005022138357162476,0.6628004312515259,0.6628771424293518,7.671117782592773e-05,5,0,-5,66.1770381342511,65.98893781817615,-0.18810031607495148
LJ001-0005.wav,noise,0.008,../data/augmented/noise/LJ001-0005__noise_0_008.wav,the invention of movable metal letters in the middle of the fifteenth century may justly be considered as the invention of the art of printing.,The invention of movable metal letters in the middle of the 15th century may justly be considered as the invention of the art of printing.,0.08,0.055944055944055944,8.1109375,8.1109375,0.0,1954.568202794874,2657.8083274867918,703.2401246919178,0.07263927161693573,0.07369714975357056,0.0010578781366348267,0.6628004312515259,0.6667131781578064,0.003912746906280518,5,0,-5,66.1770381342511,65.94431313684117,-0.2327249974099317
LJ001-0005.wav,pause_insertion,"{'pause_prob': 0.05, 'pause_ms': (60, 120)}",../data/augmented/pause_insertion/LJ001-0005__pause_insertion_p0_05_d60-120.wav,the invention of movable metal letters in the middle of the fifteenth century may justly be considered as the invention of the art of printing.,The invention of movable metal letters in the middle of the 15th century may justly be considered as the invention of the art of printing.,0.08,0.055944055944055944,8.1109375,9.3919375,1.2809999999999988,1954.568202794874,1962.844694801082,8.276492006207945,0.07263927161693573,0.06547905504703522,-0.007160216569900513,0.6628004312515259,0.6628004312515259,0.0,5,17,12,66.1770381342511,68.48498905033746,2.307950916086355
LJ001-0005.wav,pause_insertion,"{'pause_prob': 0.1, 'pause_ms': (100, 200)}",../data/augmented/pause_insertion/LJ001-0005__pause_insertion_p0_1_d100-200.wav,the invention of movable metal letters in the middle of the fifteenth century may justly be considered as the invention of the art of printing.,The invention of movable metal letters in the middle of the 15th century may just be considered as the invention of the art of printing.,0.12,0.06993006993006994,8.1109375,10.7759375,2.664999999999999,1954.568202794874,1823.98815541029,-130.58004738458408,0.07263927161693573,0.05893883854150772,-0.013700433075428009,0.6628004312515259,0.6628004312515259,0.0,5,20,15,66.1770381342511,67.97658453742056,1.7995464031694581
LJ001-0005.wav,pause_insertion,"{'pause_prob': 0.15, 'pause_ms': (150, 300)}",../data/augmented/pause_insertion/LJ001-0005__pause_insertion_p0_15_d150-300.wav,the invention of movable metal letters in the middle of the fifteenth century may justly be considered as the invention of the art of printing.,The invention of movable metal letters in the middle of the 15th century may just be considered. As the invention of the art of printing.,0.2,0.08391608391608392,8.1109375,14.2479375,6.1370000000000005,1954.568202794874,1620.2929701802427,-334.27523261463125,0.07263927161693573,0.045977890491485596,-0.026661381125450134,0.6628004312515259,0.6628004312515259,0.0,5,29,24,66.1770381342511,64.42883899678877,-1.7481991374623362
LJ001-0005.wav,pause_insertion,"{'pause_prob': 0.2, 'pause_ms': (150, 300)}",../data/augmented/pause_insertion/LJ001-0005__pause_insertion_p0_2_d150-300.wav,the invention of movable metal letters in the middle of the fifteenth century may justly be considered as the invention of the art of printing.,The invention of movable metal letters into the middle of the 15th century may be justly considered as the invention of the art of printing.,0.2,0.11188811188811189,8.1109375,13.4219375,5.311,1954.568202794874,1715.3729594478498,-239.1952433470242,0.07263927161693573,0.04870349168777466,-0.023935779929161072,0.6628004312515259,0.6628004312515259,0.0,5,27,22,66.1770381342511,68.37605133171468,2.1990131974635716
LJ001-0006.wav,lowpass,5000,../data/augmented/lowpass/LJ001-0006__lowpass_5000.wav,"And it is worth mention in passing that, as an example of fine typography,",And it is worth mentioning in passing that has an example of fine typography.,0.2857142857142857,0.08108108108108109,5.6844375,5.6844375,0.0,1967.2783026973118,1470.9640984088762,-496.3142042884356,0.0743761956691742,0.0722619816660881,-0.00211421400308609,0.6885650157928467,0.6896788477897644,0.0011138319969177246,6,6,0,72.51238099313427,72.18891191516973,-0.32346907796454616
LJ001-0006.wav,lowpass,4000,../data/augmented/lowpass/LJ001-0006__lowpass_4000.wav,"And it is worth mention in passing that, as an example of fine typography,",And it is worth mentioning in passing that has an example of fine typography.,0.2857142857142857,0.08108108108108109,5.6844375,5.6844375,0.0,1967.2783026973118,1294.2293534621383,-673.0489492351735,0.0743761956691742,0.07195384800434113,-0.002422347664833069,0.6885650157928467,0.6680082678794861,-0.020556747913360596,6,5,-1,72.51238099313427,72.26191912475298,-0.2504618683812936
LJ001-0006.wav,lowpass,3000,../data/augmented/lowpass/LJ001-0006__lowpass_3000.wav,"And it is worth mention in passing that, as an example of fine typography,","And it is worth mentioning in passing that as an example of fine typography,",0.14285714285714285,0.05405405405405406,5.6844375,5.6844375,0.0,1967.2783026973118,1091.4385330504147,-875.8397696468971,0.0743761956691742,0.07149195671081543,-0.0028842389583587646,0.6885650157928467,0.6464393734931946,-0.0421256422996521,6,5,-1,72.51238099313427,72.03259044162974,-0.47979055150453576
LJ001-0006.wav,lowpass,2500,../data/augmented/lowpass/LJ001-0006__lowpass_2500.wav,"And it is worth mention in passing that, as an example of fine typography,","And it is worth mentioning in passing that as an example of fine typography,",0.14285714285714285,0.05405405405405406,5.6844375,5.6844375,0.0,1967.2783026973118,974.959521560631,-992.3187811366809,0.0743761956691742,0.07101611793041229,-0.003360077738761902,0.6885650157928467,0.6382307410240173,-0.050334274768829346,6,5,-1,72.51238099313427,72.06383403084769,-0.44854696228658497
LJ001-0006.wav,timestretch,0.98,../data/augmented/timestretch/LJ001-0006__timestretch_0_98.wav,"And it is worth mention in passing that, as an example of fine typography,","And it is worth mentioning passing that as an example of polytypography,",0.35714285714285715,0.10810810810810811,5.6844375,5.8004375,0.11600000000000055,1967.2783026973118,1944.7442302954369,-22.534072401874937,0.0743761956691742,0.05186132341623306,-0.02251487225294113,0.6885650157928467,0.6289237141609192,-0.05964130163192749,6,3,-3,72.51238099313427,68.14745553185578,-4.364925461278489
LJ001-0006.wav,timestretch,0.95,../data/augmented/timestretch/LJ001-0006__timestretch_0_95.wav,"And it is worth mention in passing that, as an example of fine typography,",And it is worth mentioning passing that as an example of fine typography...,0.2857142857142857,0.08108108108108109,5.6844375,5.983625,0.2991875000000004,1967.2783026973118,1938.6801866671371,-28.59811603017465,0.0743761956691742,0.051674868911504745,-0.02270132675766945,0.6885650157928467,0.6222901344299316,-0.06627488136291504,6,3,-3,72.51238099313427,71.67944054837177,-0.8329404447624995
LJ001-0006.wav,timestretch,0.92,../data/augmented/timestretch/LJ001-0006__timestretch_0_92.wav,"And it is worth mention in passing that, as an example of fine typography,","And it is worth mentioning passing that as an example of polytypography,",0.35714285714285715,0.10810810810810811,5.6844375,6.17875,0.4943125000000004,1967.2783026973118,1940.635037460797,-26.643265236514708,0.0743761956691742,0.052506279200315475,-0.02186991646885872,0.6885650157928467,0.6156564950942993,-0.07290852069854736,6,3,-3,72.51238099313427,82.58301733454117,10.070636341406896
LJ001-0006.wav,timestretch,0.88,../data/augmented/timestretch/LJ001-0006__timestretch_0_88.wav,"And it is worth mention in passing that, as an example of fine typography,",and his worth mentioning passing that as an example of fine typography,0.5,0.10810810810810811,5.6844375,6.4595625,0.7751250000000001,1967.2783026973118,1976.2419075396103,8.963604842298537,0.0743761956691742,0.05070418119430542,-0.023672014474868774,0.6885650157928467,0.6068117022514343,-0.08175331354141235,6,3,-3,72.51238099313427,70.54145839178832,-1.970922601345947
LJ001-0006.wav,pitch_compression,0.9,../data/augmented/pitch_compression/LJ001-0006__pitch_compression_0_9.wav,"And it is worth mention in passing that, as an example of fine typography,",and his worth mentioning passing that as an example of fine typography,0.5,0.10810810810810811,5.6844375,5.6844375,0.0,1967.2783026973118,1799.631630655523,-167.64667204178886,0.0743761956691742,0.051894139498472214,-0.02248205617070198,0.6885650157928467,0.6330829858779907,-0.05548202991485596,6,3,-3,72.51238099313427,69.0029553063372,-3.509425686797073
LJ001-0006.wav,pitch_compression,0.75,../data/augmented/pitch_compression/LJ001-0006__pitch_compression_0_75.wav,"And it is worth mention in passing that, as an example of fine typography,",and his worth mentioning passing that as an example of fine typography,0.5,0.10810810810810811,5.6844375,5.6844375,0.0,1967.2783026973118,1625.4848363232948,-341.79346637401704,0.0743761956691742,0.04914972931146622,-0.025226466357707977,0.6885650157928467,0.6068863868713379,-0.08167862892150879,6,3,-3,72.51238099313427,84.11935832295993,11.606977329825654
LJ001-0006.wav,pitch_compression,0.6,../data/augmented/pitch_compression/LJ001-0006__pitch_compression_0_6.wav,"And it is worth mention in passing that, as an example of fine typography,","And his worth mentioning passing, that as an example of funny typography,",0.5,0.13513513513513514,5.6844375,5.6844375,0.0,1967.2783026973118,1470.4447475653815,-496.8335551319303,0.0743761956691742,0.049346376210451126,-0.025029819458723068,0.6885650157928467,0.5796500444412231,-0.10891497135162354,6,3,-3,72.51238099313427,63.16367156954381,-9.348709423590464
LJ001-0006.wav,pitch_compression,0.5,../data/augmented/pitch_compression/LJ001-0006__pitch_compression_0_5.wav,"And it is worth mention in passing that, as an example of fine typography,","And is worth mentioning, passing, that as an example, the fine psychography...",0.5714285714285714,0.25675675675675674,5.6844375,5.6844375,0.0,1967.2783026973118,1364.0737954789229,-603.2045072183889,0.0743761956691742,0.04765904322266579,-0.026717152446508408,0.6885650157928467,0.5708858966827393,-0.11767911911010742,6,3,-3,72.51238099313427,45.06551909428313,-27.44686189885114
LJ001-0006.wav,noise,0.001,../data/augmented/noise/LJ001-0006__noise_0_001.wav,"And it is worth mention in passing that, as an example of fine typography,",And it is worth mentioning in passing that has an example of fine typography.,0.2857142857142857,0.08108108108108109,5.6844375,5.6844375,0.0,1967.2783026973118,2135.821854652367,168.54355195505536,0.0743761956691742,0.07440701872110367,3.082305192947388e-05,0.6885650157928467,0.6904287338256836,0.001863718032836914,6,5,-1,72.51238099313427,72.41918770110694,-0.09319329202733684
LJ001-0006.wav,noise,0.003,../data/augmented/noise/LJ001-0006__noise_0_003.wav,"And it is worth mention in passing that, as an example of fine typography,",and it is worth mentioning in passing that has an example of fine typography.,0.35714285714285715,0.0945945945945946,5.6844375,5.6844375,0.0,1967.2783026973118,2349.265001014348,381.98669831703614,0.0743761956691742,0.07459885627031326,0.0002226606011390686,0.6885650157928467,0.686775267124176,-0.0017897486686706543,6,3,-3,72.51238099313427,72.59401705256454,0.08163605943026653
LJ001-0006.wav,noise,0.005,../data/augmented/noise/LJ001-0006__noise_0_005.wav,"And it is worth mention in passing that, as an example of fine typography,",and it is worth mentioning in passing that has an example of fine typography.,0.35714285714285715,0.0945945945945946,5.6844375,5.6844375,0.0,1967.2783026973118,2496.9151657858533,529.6368630885415,0.0743761956691742,0.07491292804479599,0.0005367323756217957,0.6885650157928467,0.7011439204216003,0.012578904628753662,6,0,-6,72.51238099313427,72.67496137168887,0.16258037855459406
LJ001-0006.wav,noise,0.008,../data/augmented/noise/LJ001-0006__noise_0_008.wav,"And it is worth mention in passing that, as an example of fine typography,",and it is worth mentioning in passing that has an example of fine typography.,0.35714285714285715,0.0945945945945946,5.6844375,5.6844375,0.0,1967.2783026973118,2664.2151062913413,696.9368035940295,0.0743761956691742,0.07548537850379944,0.0011091828346252441,0.6885650157928467,0.6741060018539429,-0.014459013938903809,6,0,-6,72.51238099313427,72.6290312449259,0.11665025179162569
LJ001-0006.wav,pause_insertion,"{'pause_prob': 0.05, 'pause_ms': (60, 120)}",../data/augmented/pause_insertion/LJ001-0006__pause_insertion_p0_05_d60-120.wav,"And it is worth mention in passing that, as an example of fine typography,","And it is worth mentioning in passing that as an example of fine typography,",0.14285714285714285,0.05405405405405406,5.6844375,6.1774375,0.4930000000000003,1967.2783026973118,2002.8698112478644,35.59150855055259,0.0743761956691742,0.06944383680820465,-0.0049323588609695435,0.6885650157928467,0.6885650157928467,0.0,6,10,4,72.51238099313427,70.51592819970892,-1.9964527934253482
LJ001-0006.wav,pause_insertion,"{'pause_prob': 0.1, 'pause_ms': (100, 200)}",../data/augmented/pause_insertion/LJ001-0006__pause_insertion_p0_1_d100-200.wav,"And it is worth mention in passing that, as an example of fine typography,",And it is worth mentioning in pasting that has an example of fine typography.,0.35714285714285715,0.0945945945945946,5.6844375,7.7864375,2.1020000000000003,1967.2783026973118,1997.899220208751,30.620917511439302,0.0743761956691742,0.05856810137629509,-0.015808094292879105,0.6885650157928467,0.6885650157928467,0.0,6,17,11,72.51238099313427,71.98402483736857,-0.5283561557657066
LJ001-0006.wav,pause_insertion,"{'pause_prob': 0.15, 'pause_ms': (150, 300)}",../data/augmented/pause_insertion/LJ001-0006__pause_insertion_p0_15_d150-300.wav,"And it is worth mention in passing that, as an example of fine typography,","And it is worth mentioning in passing that as an example of fine typography,",0.14285714285714285,0.05405405405405406,5.6844375,9.1144375,3.4299999999999997,1967.2783026973118,1606.537314419059,-360.74098827825287,0.0743761956691742,0.049099601805210114,-0.02527659386396408,0.6885650157928467,0.6885650157928467,0.0,6,17,11,72.51238099313427,74.78537044073873,2.272989447604459
LJ001-0006.wav,pause_insertion,"{'pause_prob': 0.2, 'pause_ms': (150, 300)}",../data/augmented/pause_insertion/LJ001-0006__pause_insertion_p0_2_d150-300.wav,"And it is worth mention in passing that, as an example of fine typography,",And it is worth mentioning in passing that has an example of the following type of geography.,0.5714285714285714,0.3108108108108108,5.6844375,10.5204375,4.836,1967.2783026973118,1602.3592522265924,-364.9190504707194,0.0743761956691742,0.04599083587527275,-0.028385359793901443,0.6885650157928467,0.6885650157928467,0.0,6,26,20,72.51238099313427,75.44193447567389,2.9295534825396174
LJ001-0007.wav,lowpass,5000,../data/augmented/lowpass/LJ001-0007__lowpass_5000.wav,"the earliest book printed with movable types, the Gutenberg, or ""forty-two line Bible"" of about fourteen fifty-five,","The earliest book printed with movable types, the Guttenberg or 42 line Bible of about 1455",0.35294117647058826,0.29310344827586204,8.3895625,8.3895625,0.0,1816.8648154401762,1410.4574276872722,-406.407387752904,0.08499477803707123,0.08345768600702286,-0.0015370920300483704,0.8261598944664001,0.8519871234893799,0.025827229022979736,5,5,0,70.88001182564891,71.16146575050217,0.2814539248532668
LJ001-0007.wav,lowpass,4000,../data/augmented/lowpass/LJ001-0007__lowpass_4000.wav,"the earliest book printed with movable types, the Gutenberg, or ""forty-two line Bible"" of about fourteen fifty-five,","The earliest book printed with movable types, the Guttenberg or 42 line Bible of about 1455.",0.35294117647058826,0.29310344827586204,8.3895625,8.3895625,0.0,1816.8648154401762,1229.6068662390783,-587.257949201098,0.08499477803707123,0.0831252932548523,-0.001869484782218933,0.8261598944664001,0.8420485854148865,0.015888690948486328,5,7,2,70.88001182564891,70.70963511498456,-0.17037671066434257
LJ001-0007.wav,lowpass,3000,../data/augmented/lowpass/LJ001-0007__lowpass_3000.wav,"the earliest book printed with movable types, the Gutenberg, or ""forty-two line Bible"" of about fourteen fifty-five,","The earliest book printed with movable types, the Guttenberg or 42 line Bible of about 1455.",0.35294117647058826,0.29310344827586204,8.3895625,8.3895625,0.0,1816.8648154401762,1013.4524332278097,-803.4123822123665,0.08499477803707123,0.08281350880861282,-0.0021812692284584045,0.8261598944664001,0.805898904800415,-0.020260989665985107,5,7,2,70.88001182564891,70.70702799043926,-0.17298383520964933
LJ001-0007.wav,lowpass,2500,../data/augmented/lowpass/LJ001-0007__lowpass_2500.wav,"the earliest book printed with movable types, the Gutenberg, or ""forty-two line Bible"" of about fourteen fifty-five,","The earliest book printed with movable types, the Guttenberg or 42 line Bible of about 1455.",0.35294117647058826,0.29310344827586204,8.3895625,8.3895625,0.0,1816.8648154401762,900.8418565463842,-916.0229588937921,0.08499477803707123,0.08257682621479034,-0.002417951822280884,0.8261598944664001,0.8068987727165222,-0.01926112174987793,5,9,4,70.88001182564891,70.75784893492535,-0.12216289072355835
LJ001-0007.wav,timestretch,0.98,../data/augmented/timestretch/LJ001-0007__timestretch_0_98.wav,"the earliest book printed with movable types, the Gutenberg, or ""forty-two line Bible"" of about fourteen fifty-five,","The earliest book printed with mobile types, the Gutenberg or 42 line Bible, all about 1455.",0.47058823529411764,0.33620689655172414,8.3895625,8.56075,0.17118750000000027,1816.8648154401762,1824.0369054842015,7.1720900440252535,0.08499477803707123,0.05688497796654701,-0.028109800070524216,0.8261598944664001,0.5901091694831848,-0.23605072498321533,5,6,1,70.88001182564891,76.14142029720858,5.261408471559676
LJ001-0007.wav,timestretch,0.95,../data/augmented/timestretch/LJ001-0007__timestretch_0_95.wav,"the earliest book printed with movable types, the Gutenberg, or ""forty-two line Bible"" of about fourteen fifty-five,","The earliest book printed with mobile types, the Gunberg or 42 Line Bible, all about 1455.",0.5294117647058824,0.3620689655172414,8.3895625,8.831125,0.44156249999999986,1816.8648154401762,1802.9184730704237,-13.946342369752529,0.08499477803707123,0.05893716216087341,-0.026057615876197815,0.8261598944664001,0.551129937171936,-0.2750299572944641,5,6,1,70.88001182564891,72.764631840204,1.8846200145550966
LJ001-0007.wav,timestretch,0.92,../data/augmented/timestretch/LJ001-0007__timestretch_0_92.wav,"the earliest book printed with movable types, the Gutenberg, or ""forty-two line Bible"" of about fourteen fifty-five,","The earliest book printed with mobile types, the gunwork or 42 line Bible, all about 1455.",0.47058823529411764,0.3879310344827586,8.3895625,9.1190625,0.7294999999999998,1816.8648154401762,1806.2459369502712,-10.618878489905,0.08499477803707123,0.05805615335702896,-0.026938624680042267,0.8261598944664001,0.531875491142273,-0.2942844033241272,5,5,0,70.88001182564891,76.05034760938207,5.170335783733165
LJ001-0007.wav,timestretch,0.88,../data/augmented/timestretch/LJ001-0007__timestretch_0_88.wav,"the earliest book printed with movable types, the Gutenberg, or ""forty-two line Bible"" of about fourteen fifty-five,","The earliest book printed with mobile types, the Gunwork or 42 Line Bible, all about 1455.",0.5294117647058824,0.3879310344827586,8.3895625,9.533625,1.1440625000000004,1816.8648154401762,1790.0958138607214,-26.76900157945488,0.08499477803707123,0.060013238340616226,-0.024981539696455002,0.8261598944664001,0.6310940384864807,-0.19506585597991943,5,5,0,70.88001182564891,64.75485627696925,-6.125155548679658
LJ001-0007.wav,pitch_compression,0.9,../data/augmented/pitch_compression/LJ001-0007__pitch_compression_0_9.wav,"the earliest book printed with movable types, the Gutenberg, or ""forty-two line Bible"" of about fourteen fifty-five,","The earliest book printed with movable types, the Gutwerk or 42 Line Bible, although out 1455.",0.5294117647058824,0.35344827586206895,8.3895625,8.3895625,0.0,1816.8648154401762,1646.4934539221201,-170.37136151805612,0.08499477803707123,0.06005961075425148,-0.024935167282819748,0.8261598944664001,0.4398195445537567,-0.38634034991264343,5,6,1,70.88001182564891,78.46592611821764,7.585914292568731
LJ001-0007.wav,pitch_compression,0.75,../data/augmented/pitch_compression/LJ001-0007__pitch_compression_0_75.wav,"the earliest book printed with movable types, the Gutenberg, or ""forty-two line Bible"" of about fourteen fifty-five,","The earliest book, printed with movable types, the Gutnerd, or 42-line Bible, all about 1455.",0.5294117647058824,0.33620689655172414,8.3895625,8.3895625,0.0,1816.8648154401762,1498.058963520701,-318.80585191947534,0.08499477803707123,0.05670064315199852,-0.028294134885072708,0.8261598944664001,0.5261898636817932,-0.29997003078460693,5,6,1,70.88001182564891,76.04988875000512,5.169876924356217
LJ001-0007.wav,pitch_compression,0.6,../data/augmented/pitch_compression/LJ001-0007__pitch_compression_0_6.wav,"the earliest book printed with movable types, the Gutenberg, or ""forty-two line Bible"" of about fourteen fifty-five,","The earliest book, printed with mobile sites, the Cuttonburg, or 42-line Bible, all about 1455.",0.6470588235294118,0.39655172413793105,8.3895625,8.3895625,0.0,1816.8648154401762,1343.0605502304263,-473.80426520974993,0.08499477803707123,0.05473533272743225,-0.030259445309638977,0.8261598944664001,0.45021939277648926,-0.3759405016899109,5,6,1,70.88001182564891,68.15218739316649,-2.7278244324824215
LJ001-0007.wav,pitch_compression,0.5,../data/augmented/pitch_compression/LJ001-0007__pitch_compression_0_5.wav,"the earliest book printed with movable types, the Gutenberg, or ""forty-two line Bible"" of about fourteen fifty-five,","The earliest book, Prince Edward Louisville's Ice, the Heatherer or 42-line Bible, on about 1455.",0.7647058823529411,0.5344827586206896,8.3895625,8.3895625,0.0,1816.8648154401762,1246.9445167287486,-569.9202987114277,0.08499477803707123,0.055275220423936844,-0.029719557613134384,0.8261598944664001,0.4387880563735962,-0.38737183809280396,5,5,0,70.88001182564891,77.22587091124593,6.345859085597027
LJ001-0007.wav,noise,0.001,../data/augmented/noise/LJ001-0007__noise_0_001.wav,"the earliest book printed with movable types, the Gutenberg, or ""forty-two line Bible"" of about fourteen fifty-five,","The earliest book printed with movable types, the Guttenberg or 42 line Bible of about 1455.",0.35294117647058826,0.29310344827586204,8.3895625,8.3895625,0.0,1816.8648154401762,1989.5832138766402,172.71839843646399,0.08499477803707123,0.08502648770809174,3.170967102050781e-05,0.8261598944664001,0.8257451057434082,-0.00041478872299194336,5,5,0,70.88001182564891,74.94146646165821,4.061454636009302
LJ001-0007.wav,noise,0.003,../data/augmented/noise/LJ001-0007__noise_0_003.wav,"the earliest book printed with movable types, the Gutenberg, or ""forty-two line Bible"" of about fourteen fifty-five,","The earliest book printed with movable types, the Guttenberg or 42 line Bible of about 1455",0.35294117647058826,0.29310344827586204,8.3895625,8.3895625,0.0,1816.8648154401762,2176.5958429983325,359.73102755815626,0.08499477803707123,0.08520381152629852,0.00020903348922729492,0.8261598944664001,0.8290287256240845,0.002868831157684326,5,4,-1,70.88001182564891,76.04848678507003,5.168474959421118
LJ001-0007.wav,noise,0.005,../data/augmented/noise/LJ001-0007__noise_0_005.wav,"the earliest book printed with movable types, the Gutenberg, or ""forty-two line Bible"" of about fourteen fifty-five,","The earliest book printed with movable types, the Guttenberg or 42 line Bible of about 1455.",0.35294117647058826,0.29310344827586204,8.3895625,8.3895625,0.0,1816.8648154401762,2313.815425039086,496.95060959891,0.08499477803707123,0.08548924326896667,0.0004944652318954468,0.8261598944664001,0.8251137137413025,-0.0010461807250976562,5,0,-5,70.88001182564891,75.85532367118101,4.975311845532104
LJ001-0007.wav,noise,0.008,../data/augmented/noise/LJ001-0007__noise_0_008.wav,"the earliest book printed with movable types, the Gutenberg, or ""forty-two line Bible"" of about fourteen fifty-five,","The earliest book printed with movable types, the Guttenberg or 42 line Bible of about 1455.",0.35294117647058826,0.29310344827586204,8.3895625,8.3895625,0.0,1816.8648154401762,2488.708824563812,671.8440091236357,0.08499477803707123,0.08606912940740585,0.0010743513703346252,0.8261598944664001,0.8335497975349426,0.0073899030685424805,5,0,-5,70.88001182564891,75.11638534937035,4.23637352372144
LJ001-0007.wav,pause_insertion,"{'pause_prob': 0.05, 'pause_ms': (60, 120)}",../data/augmented/pause_insertion/LJ001-0007__pause_insertion_p0_05_d60-120.wav,"the earliest book printed with movable types, the Gutenberg, or ""forty-two line Bible"" of about fourteen fifty-five,","The earliest book printed with movable types, the Guttenberg or 42 line Bible of about 1455.",0.35294117647058826,0.29310344827586204,8.3895625,8.5605625,0.17099999999999937,1816.8648154401762,1807.0056685967843,-9.859146843391954,0.08499477803707123,0.08428915590047836,-0.000705622136592865,0.8261598944664001,0.8261598944664001,0.0,5,7,2,70.88001182564891,72.93325589032062,2.0532440646717163
LJ001-0007.wav,pause_insertion,"{'pause_prob': 0.1, 'pause_ms': (100, 200)}",../data/augmented/pause_insertion/LJ001-0007__pause_insertion_p0_1_d100-200.wav,"the earliest book printed with movable types, the Gutenberg, or ""forty-two line Bible"" of about fourteen fifty-five,","The earliest book printed with movable types, the Guttenberg, or 42 Line Bible of about 1455.",0.4117647058823529,0.29310344827586204,8.3895625,10.1865625,1.7970000000000006,1816.8648154401762,1710.358217039643,-106.50659840053322,0.08499477803707123,0.07416529953479767,-0.01082947850227356,0.8261598944664001,0.8261598944664001,0.0,5,16,11,70.88001182564891,78.2072708911195,7.327259065470599
LJ001-0007.wav,pause_insertion,"{'pause_prob': 0.15, 'pause_ms': (150, 300)}",../data/augmented/pause_insertion/LJ001-0007__pause_insertion_p0_15_d150-300.wav,"the earliest book printed with movable types, the Gutenberg, or ""forty-two line Bible"" of about fourteen fifty-five,","The earliest book printed with movable types, the Guggenberg or 42 Lollstein Bible, of about",0.4117647058823529,0.33620689655172414,8.3895625,16.1985625,7.809000000000001,1816.8648154401762,1430.694131237302,-386.1706842028743,0.08499477803707123,0.05115659162402153,-0.0338381864130497,0.8261598944664001,0.8261598944664001,0.0,5,34,29,70.88001182564891,75.7135248005323,4.833512974883391
LJ001-0007.wav,pause_insertion,"{'pause_prob': 0.2, 'pause_ms': (150, 300)}",../data/augmented/pause_insertion/LJ001-0007__pause_insertion_p0_2_d150-300.wav,"the earliest book printed with movable types, the Gutenberg, or ""forty-two line Bible"" of about fourteen fifty-five,","The earliest book, printed with movable types, the gut number, or 42 line Bible, of about 1455.",0.47058823529411764,0.3275862068965517,8.3895625,17.5015625,9.111999999999998,1816.8648154401762,1372.0321942761072,-444.832621164069,0.08499477803707123,0.04768078774213791,-0.03731399029493332,0.8261598944664001,0.8261598944664001,0.0,5,41,36,70.88001182564891,73.17095321807032,2.2909413924214164
LJ001-0008.wav,lowpass,5000,../data/augmented/lowpass/LJ001-0008__lowpass_5000.wav,has never been surpassed.,has never been surpassed.,0.0,0.0,1.7835,1.7835,0.0,2712.8361856333277,1966.2970523430813,-746.5391332902464,0.07428799569606781,0.06658831238746643,-0.007699683308601379,0.770933985710144,0.7586679458618164,-0.012266039848327637,1,3,2,77.48408677669235,44.804023228045814,-32.68006354864654
LJ001-0008.wav,lowpass,4000,../data/augmented/lowpass/LJ001-0008__lowpass_4000.wav,has never been surpassed.,has never been surpassed.,0.0,0.0,1.7835,1.7835,0.0,2712.8361856333277,1675.7163292205666,-1037.119856412761,0.07428799569606781,0.06576162576675415,-0.00852636992931366,0.770933985710144,0.7500467300415039,-0.020887255668640137,1,4,3,77.48408677669235,44.80287845560637,-32.68120832108598
LJ001-0008.wav,lowpass,3000,../data/augmented/lowpass/LJ001-0008__lowpass_3000.wav,has never been surpassed.,has never been surpassed.,0.0,0.0,1.7835,1.7835,0.0,2712.8361856333277,1325.9973226083082,-1386.8388630250195,0.07428799569606781,0.06503183394670486,-0.009256161749362946,0.770933985710144,0.7113713622093201,-0.059562623500823975,1,3,2,77.48408677669235,44.79709409392378,-32.68699268276857
LJ001-0008.wav,lowpass,2500,../data/augmented/lowpass/LJ001-0008__lowpass_2500.wav,has never been surpassed.,has never been surpassed.,0.0,0.0,1.7835,1.7835,0.0,2712.8361856333277,1131.1249117065813,-1581.7112739267463,0.07428799569606781,0.06463462859392166,-0.009653367102146149,0.770933985710144,0.6892059445381165,-0.08172804117202759,1,5,4,77.48408677669235,44.787833289489754,-32.6962534872026
LJ001-0008.wav,timestretch,0.98,../data/augmented/timestretch/LJ001-0008__timestretch_0_98.wav,has never been surpassed.,has never been surpassed.,0.0,0.0,1.7835,1.819875,0.036374999999999824,2712.8361856333277,2813.6555106124138,100.8193249790861,0.07428799569606781,0.0573594868183136,-0.01692850887775421,0.770933985710144,0.6293189525604248,-0.14161503314971924,1,1,0,77.48408677669235,84.35459640597254,6.870509629280193
LJ001-0008.wav,timestretch,0.95,../data/augmented/timestretch/LJ001-0008__timestretch_0_95.wav,has never been surpassed.,has never been surpassed.,0.0,0.0,1.7835,1.877375,0.09387499999999993,2712.8361856333277,2845.5119140464344,132.67572841310675,0.07428799569606781,0.05313178151845932,-0.02115621417760849,0.770933985710144,0.6338518857955933,-0.13708209991455078,1,1,0,77.48408677669235,93.91175456583893,16.427667789146582
LJ001-0008.wav,timestretch,0.92,../data/augmented/timestretch/LJ001-0008__timestretch_0_92.wav,has never been surpassed.,has never been in your past.,0.75,0.36,1.7835,1.9385625,0.15506249999999988,2712.8361856333277,2844.128878761101,131.29269312777342,0.07428799569606781,0.048188161104917526,-0.026099834591150284,0.770933985710144,0.6383848786354065,-0.13254910707473755,1,1,0,77.48408677669235,81.34087485273068,3.8567880760383275
LJ001-0008.wav,timestretch,0.88,../data/augmented/timestretch/LJ001-0008__timestretch_0_88.wav,has never been surpassed.,has never been surpassed.,0.0,0.0,1.7835,2.0266875,0.2431874999999999,2712.8361856333277,2809.2715820894045,96.43539645607689,0.07428799569606781,0.048043910413980484,-0.026244085282087326,0.770933985710144,0.40989935398101807,-0.361034631729126,1,1,0,77.48408677669235,98.6466747654266,21.162587988734245
LJ001-0008.wav,pitch_compression,0.9,../data/augmented/pitch_compression/LJ001-0008__pitch_compression_0_9.wav,has never been surpassed.,has never been surpassed.,0.0,0.0,1.7835,1.7835,0.0,2712.8361856333277,2613.197892838171,-99.63829279515676,0.07428799569606781,0.05869045481085777,-0.015597540885210037,0.770933985710144,0.69471675157547,-0.07621723413467407,1,1,0,77.48408677669235,121.55476971590592,44.07068293921357
LJ001-0008.wav,pitch_compression,0.75,../data/augmented/pitch_compression/LJ001-0008__pitch_compression_0_75.wav,has never been surpassed.,As ever is surpass.,1.0,0.36,1.7835,1.7835,0.0,2712.8361856333277,2352.764991406338,-360.0711942269895,0.07428799569606781,0.04943609982728958,-0.02485189586877823,0.770933985710144,0.47361963987350464,-0.2973143458366394,1,1,0,77.48408677669235,110.63070572718881,33.14661895049646
LJ001-0008.wav,pitch_compression,0.6,../data/augmented/pitch_compression/LJ001-0008__pitch_compression_0_6.wav,has never been surpassed.,as ever is a pass.,1.25,0.44,1.7835,1.7835,0.0,2712.8361856333277,2130.592664059998,-582.2435215733299,0.07428799569606781,0.04633920639753342,-0.027948789298534393,0.770933985710144,0.42263662815093994,-0.3482973575592041,1,1,0,77.48408677669235,95.32852104231081,17.84443426561846
LJ001-0008.wav,pitch_compression,0.5,../data/augmented/pitch_compression/LJ001-0008__pitch_compression_0_5.wav,has never been surpassed.,has ever been surpassed.,0.25,0.04,1.7835,1.7835,0.0,2712.8361856333277,1965.780702636253,-747.0554829970747,0.07428799569606781,0.04971051588654518,-0.02457747980952263,0.770933985710144,0.4721986651420593,-0.2987353205680847,1,1,0,77.48408677669235,82.0751033327894,4.5910165560970455
LJ001-0008.wav,noise,0.001,../data/augmented/noise/LJ001-0008__noise_0_001.wav,has never been surpassed.,has never been surpassed.,0.0,0.0,1.7835,1.7835,0.0,2712.8361856333277,2776.3916729908515,63.555487357523816,0.07428799569606781,0.0743182897567749,3.0294060707092285e-05,0.770933985710144,0.7709184885025024,-1.5497207641601562e-05,1,1,0,77.48408677669235,77.8367268206482,0.35264004395584436
LJ001-0008.wav,noise,0.003,../data/augmented/noise/LJ001-0008__noise_0_003.wav,has never been surpassed.,has never been surpassed.,0.0,0.0,1.7835,1.7835,0.0,2712.8361856333277,2884.0760026473263,171.23981701399862,0.07428799569606781,0.07444654405117035,0.00015854835510253906,0.770933985710144,0.7714130282402039,0.00047904253005981445,1,0,-1,77.48408677669235,78.82045864178613,1.3363718650937813
LJ001-0008.wav,noise,0.005,../data/augmented/noise/LJ001-0008__noise_0_005.wav,has never been surpassed.,has never been surpassed.,0.0,0.0,1.7835,1.7835,0.0,2712.8361856333277,2973.2388500035254,260.4026643701977,0.07428799569606781,0.07472442090511322,0.00043642520904541016,0.770933985710144,0.7717399001121521,0.0008059144020080566,1,0,-1,77.48408677669235,77.88096642872182,0.39687965202946884
LJ001-0008.wav,noise,0.008,../data/augmented/noise/LJ001-0008__noise_0_008.wav,has never been surpassed.,has never been surpassed.,0.0,0.0,1.7835,1.7835,0.0,2712.8361856333277,3093.67035467666,380.83416904333217,0.07428799569606781,0.07517138868570328,0.0008833929896354675,0.770933985710144,0.7706679105758667,-0.00026607513427734375,1,0,-1,77.48408677669235,77.8190124401257,0.33492566343335284
LJ001-0008.wav,pause_insertion,"{'pause_prob': 0.05, 'pause_ms': (60, 120)}",../data/augmented/pause_insertion/LJ001-0008__pause_insertion_p0_05_d60-120.wav,has never been surpassed.,has never been surpassed.,0.0,0.0,1.7835,2.0535,0.27,2712.8361856333277,2681.174647142389,-31.66153849093871,0.07428799569606781,0.06642282754182816,-0.007865168154239655,0.770933985710144,0.770933985710144,0.0,1,4,3,77.48408677669235,85.07931365448214,7.595226877789784
LJ001-0008.wav,pause_insertion,"{'pause_prob': 0.1, 'pause_ms': (100, 200)}",../data/augmented/pause_insertion/LJ001-0008__pause_insertion_p0_1_d100-200.wav,has never been surpassed.,has never been surpassed.,0.0,0.0,1.7835,2.2145,0.43100000000000005,2712.8361856333277,2465.131760166497,-247.7044254668308,0.07428799569606781,0.0623943991959095,-0.01189359650015831,0.770933985710144,0.770933985710144,0.0,1,4,3,77.48408677669235,77.64685604116453,0.16276926447217477
LJ001-0008.wav,pause_insertion,"{'pause_prob': 0.15, 'pause_ms': (150, 300)}",../data/augmented/pause_insertion/LJ001-0008__pause_insertion_p0_15_d150-300.wav,has never been surpassed.,has never been successful in the past.,1.0,0.68,1.7835,2.9895,1.206,2712.8361856333277,2159.4550339305065,-553.3811517028212,0.07428799569606781,0.04812723398208618,-0.02616076171398163,0.770933985710144,0.770933985710144,0.0,1,6,5,77.48408677669235,77.7859591350109,0.30187235831854764
LJ001-0008.wav,pause_insertion,"{'pause_prob': 0.2, 'pause_ms': (150, 300)}",../data/augmented/pause_insertion/LJ001-0008__pause_insertion_p0_2_d150-300.wav,has never been surpassed.,has never been in surpassed.,0.25,0.12,1.7835,2.8925,1.109,2712.8361856333277,2294.7750425312183,-418.0611431021093,0.07428799569606781,0.050955694168806076,-0.023332301527261734,0.770933985710144,0.770933985710144,0.0,1,5,4,77.48408677669235,78.31394275634158,0.8298559796492242
LJ001-0009.wav,lowpass,5000,../data/augmented/lowpass/LJ001-0009__lowpass_5000.wav,"Printing, then, for our purpose, may be considered as the art of making books by means of movable types.",Printing then for our purpose may be considered as the art of making books by means of movable types.,0.15789473684210525,0.028846153846153848,7.553625,7.553625,0.0,2257.4452022752057,1583.6412262930899,-673.8039759821158,0.08280420303344727,0.07609126716852188,-0.0067129358649253845,0.8497152328491211,0.8343176245689392,-0.015397608280181885,6,6,0,79.36757851923682,75.98067238246581,-3.386906136771003
LJ001-0009.wav,lowpass,4000,../data/augmented/lowpass/LJ001-0009__lowpass_4000.wav,"Printing, then, for our purpose, may be considered as the art of making books by means of movable types.",Printing then for our purpose may be considered as the art of making books by means of movable types.,0.15789473684210525,0.028846153846153848,7.553625,7.553625,0.0,2257.4452022752057,1337.132400564946,-920.3128017102597,0.08280420303344727,0.07549253851175308,-0.007311664521694183,0.8497152328491211,0.8269082307815552,-0.022807002067565918,6,6,0,79.36757851923682,78.16164071894386,-1.2059378002929577
LJ001-0009.wav,lowpass,3000,../data/augmented/lowpass/LJ001-0009__lowpass_3000.wav,"Printing, then, for our purpose, may be considered as the art of making books by means of movable types.",Printing then for our purpose may be considered as the art of making books by means of movable types.,0.15789473684210525,0.028846153846153848,7.553625,7.553625,0.0,2257.4452022752057,1077.4264586039897,-1180.018743671216,0.08280420303344727,0.0751112625002861,-0.007692940533161163,0.8497152328491211,0.7952314615249634,-0.054483771324157715,6,6,0,79.36757851923682,78.25061849729671,-1.116960021940102
LJ001-0009.wav,lowpass,2500,../data/augmented/lowpass/LJ001-0009__lowpass_2500.wav,"Printing, then, for our purpose, may be considered as the art of making books by means of movable types.",Printing then for our purpose may be considered as the art of making books by means of movable types.,0.15789473684210525,0.028846153846153848,7.553625,7.553625,0.0,2257.4452022752057,938.3869417474288,-1319.0582605277768,0.08280420303344727,0.07480492442846298,-0.007999278604984283,0.8497152328491211,0.7296624779701233,-0.1200527548789978,6,7,1,79.36757851923682,78.20633844624722,-1.1612400729895995
LJ001-0009.wav,timestretch,0.98,../data/augmented/timestretch/LJ001-0009__timestretch_0_98.wav,"Printing, then, for our purpose, may be considered as the art of making books by means of movable types.",Printing then for our purpose may be considered as the part of making books by means of movable types.,0.21052631578947367,0.038461538461538464,7.553625,7.70775,0.15412499999999962,2257.4452022752057,2288.4800197810187,31.034817505812953,0.08280420303344727,0.059419337660074234,-0.02338486537337303,0.8497152328491211,0.7448461055755615,-0.10486912727355957,6,3,-3,79.36757851923682,105.96482870672432,26.597250187487504
LJ001-0009.wav,timestretch,0.95,../data/augmented/timestretch/LJ001-0009__timestretch_0_95.wav,"Printing, then, for our purpose, may be considered as the art of making books by means of movable types.",Printing then for our purpose may be considered as the art of making books by means of movable types.,0.15789473684210525,0.028846153846153848,7.553625,7.9511875,0.3975624999999994,2257.4452022752057,2281.783422230002,24.338219954796386,0.08280420303344727,0.059295404702425,-0.023508798331022263,0.8497152328491211,0.7345173954963684,-0.11519783735275269,6,4,-2,79.36757851923682,94.33536279584428,14.96778427660746
LJ001-0009.wav,timestretch,0.92,../data/augmented/timestretch/LJ001-0009__timestretch_0_92.wav,"Printing, then, for our purpose, may be considered as the art of making books by means of movable types.",Printing then for our purpose may be considered as the art of making books by the ins of movable types.,0.2631578947368421,0.0673076923076923,7.553625,8.2104375,0.6568124999999991,2257.4452022752057,2300.6646171638304,43.21941488862467,0.08280420303344727,0.05744076892733574,-0.025363434106111526,0.8497152328491211,0.7241888046264648,-0.12552642822265625,6,3,-3,79.36757851923682,87.22374929245599,7.856170773219176
LJ001-0009.wav,timestretch,0.88,../data/augmented/timestretch/LJ001-0009__timestretch_0_88.wav,"Printing, then, for our purpose, may be considered as the art of making books by means of movable types.",Printing then for our purpose may be considered as the art of making books by means of movable types.,0.15789473684210525,0.028846153846153848,7.553625,8.5836875,1.0300624999999997,2257.4452022752057,2299.311447744913,41.86624546970734,0.08280420303344727,0.05836889520287514,-0.02443530783057213,0.8497152328491211,0.7104172110557556,-0.13929802179336548,6,5,-1,79.36757851923682,82.04512629718734,2.6775477779505223
LJ001-0009.wav,pitch_compression,0.9,../data/augmented/pitch_compression/LJ001-0009__pitch_compression_0_9.wav,"Printing, then, for our purpose, may be considered as the art of making books by means of movable types.",Printing then for our purpose may be considered as the art of making books by means of movable types.,0.15789473684210525,0.028846153846153848,7.553625,7.553625,0.0,2257.4452022752057,2124.5650247371605,-132.88017753804525,0.08280420303344727,0.058197908103466034,-0.02460629492998123,0.8497152328491211,0.6030677556991577,-0.24664747714996338,6,3,-3,79.36757851923682,69.84330140400564,-9.524277115231172
LJ001-0009.wav,pitch_compression,0.75,../data/augmented/pitch_compression/LJ001-0009__pitch_compression_0_75.wav,"Printing, then, for our purpose, may be considered as the art of making books by means of movable types.",Preaching then for our purpose may be considered as the art of making books by means of movable types.,0.15789473684210525,0.0673076923076923,7.553625,7.553625,0.0,2257.4452022752057,1916.4700011055802,-340.9752011696255,0.08280420303344727,0.05568413808941841,-0.027120064944028854,0.8497152328491211,0.5583728551864624,-0.2913423776626587,6,3,-3,79.36757851923682,69.79162503864971,-9.575953480587103
LJ001-0009.wav,pitch_compression,0.6,../data/augmented/pitch_compression/LJ001-0009__pitch_compression_0_6.wav,"Printing, then, for our purpose, may be considered as the art of making books by means of movable types.","Pretty good for our purpose, being considered as the art of making books by the use of",0.42105263157894735,0.3557692307692308,7.553625,7.553625,0.0,2257.4452022752057,1738.832628422919,-518.6125738522867,0.08280420303344727,0.054266177117824554,-0.02853802591562271,0.8497152328491211,0.5921200513839722,-0.2575951814651489,6,3,-3,79.36757851923682,86.30482288352485,6.937244364288034
LJ001-0009.wav,pitch_compression,0.5,../data/augmented/pitch_compression/LJ001-0009__pitch_compression_0_5.wav,"Printing, then, for our purpose, may be considered as the art of making books by means of movable types.",Pressing that in front of our purpose may be considered as the art of making books by means of movement times.,0.42105263157894735,0.22115384615384615,7.553625,7.553625,0.0,2257.4452022752057,1621.4512149525362,-635.9939873226695,0.08280420303344727,0.054000042378902435,-0.02880416065454483,0.8497152328491211,0.6048794388771057,-0.24483579397201538,6,3,-3,79.36757851923682,66.6660352885369,-12.701543230699912
LJ001-0009.wav,noise,0.001,../data/augmented/noise/LJ001-0009__noise_0_001.wav,"Printing, then, for our purpose, may be considered as the art of making books by means of movable types.",Printing then for our purpose may be considered as the art of making books by means of movable types.,0.15789473684210525,0.028846153846153848,7.553625,7.553625,0.0,2257.4452022752057,2394.9512924068777,137.50609013167195,0.08280420303344727,0.08284984529018402,4.564225673675537e-05,0.8497152328491211,0.8498370051383972,0.00012177228927612305,6,6,0,79.36757851923682,85.43756748817417,6.069988968937352
LJ001-0009.wav,noise,0.003,../data/augmented/noise/LJ001-0009__noise_0_003.wav,"Printing, then, for our purpose, may be considered as the art of making books by means of movable types.",Printing then for our purpose may be considered as the art of making books by means of movable types.,0.15789473684210525,0.028846153846153848,7.553625,7.553625,0.0,2257.4452022752057,2548.767320039803,291.32211776459735,0.08280420303344727,0.08304756134748459,0.000243358314037323,0.8497152328491211,0.852558970451355,0.0028437376022338867,6,6,0,79.36757851923682,85.43892676837253,6.07134824913571
LJ001-0009.wav,noise,0.005,../data/augmented/noise/LJ001-0009__noise_0_005.wav,"Printing, then, for our purpose, may be considered as the art of making books by means of movable types.",Printing then for our purpose may be considered as the art of making books by means of movable types.,0.15789473684210525,0.028846153846153848,7.553625,7.553625,0.0,2257.4452022752057,2662.237163022793,404.7919607475874,0.08280420303344727,0.08335908502340317,0.0005548819899559021,0.8497152328491211,0.8555012345314026,0.005786001682281494,6,0,-6,79.36757851923682,85.5463025259965,6.17872400675968
LJ001-0009.wav,noise,0.008,../data/augmented/noise/LJ001-0009__noise_0_008.wav,"Printing, then, for our purpose, may be considered as the art of making books by means of movable types.",Printing then for our purpose may be considered as the art of making books by means of movable types.,0.15789473684210525,0.028846153846153848,7.553625,7.553625,0.0,2257.4452022752057,2814.2250841486516,556.7798818734459,0.08280420303344727,0.08391889929771423,0.0011146962642669678,0.8497152328491211,0.8551202416419983,0.005405008792877197,6,0,-6,79.36757851923682,85.56195168469101,6.194373165454195
LJ001-0009.wav,pause_insertion,"{'pause_prob': 0.05, 'pause_ms': (60, 120)}",../data/augmented/pause_insertion/LJ001-0009__pause_insertion_p0_05_d60-120.wav,"Printing, then, for our purpose, may be considered as the art of making books by means of movable types.",Printing then for our purpose may be considered as the art of making books by means of movable types.,0.15789473684210525,0.028846153846153848,7.553625,8.369625,0.815999999999999,2257.4452022752057,2194.750136426627,-62.695065848578906,0.08280420303344727,0.07676395028829575,-0.00604025274515152,0.8497152328491211,0.8497152328491211,0.0,6,12,6,79.36757851923682,79.21054789658069,-0.1570306226561229
LJ001-0009.wav,pause_insertion,"{'pause_prob': 0.1, 'pause_ms': (100, 200)}",../data/augmented/pause_insertion/LJ001-0009__pause_insertion_p0_1_d100-200.wav,"Printing, then, for our purpose, may be considered as the art of making books by means of movable types.",Printing the end for our purpose may be considered as the art of making books by means of to moveable types.,0.3157894736842105,0.08653846153846154,7.553625,9.396625,1.843,2257.4452022752057,2246.2456001269466,-11.199602148259146,0.08280420303344727,0.07078740000724792,-0.01201680302619934,0.8497152328491211,0.8497152328491211,0.0,6,18,12,79.36757851923682,77.19007518858689,-2.1775033306499267
LJ001-0009.wav,pause_insertion,"{'pause_prob': 0.15, 'pause_ms': (150, 300)}",../data/augmented/pause_insertion/LJ001-0009__pause_insertion_p0_15_d150-300.wav,"Printing, then, for our purpose, may be considered as the art of making books by means of movable types.",Presenting this in for our purpose may be considered as the art of making new books by the means of movable types.,0.3157894736842105,0.17307692307692307,7.553625,12.574625,5.020999999999999,2257.4452022752057,1943.070655636503,-314.37454663870267,0.08280420303344727,0.05565059557557106,-0.027153607457876205,0.8497152328491211,0.8497152328491211,0.0,6,25,19,79.36757851923682,83.3405897421429,3.9730112229060808
LJ001-0009.wav,pause_insertion,"{'pause_prob': 0.2, 'pause_ms': (150, 300)}",../data/augmented/pause_insertion/LJ001-0009__pause_insertion_p0_2_d150-300.wav,"Printing, then, for our purpose, may be considered as the art of making books by means of movable types.",Printing the end for our purpose may be considered as the art of making books by means of movable types.,0.21052631578947367,0.04807692307692308,7.553625,15.064625,7.510999999999999,2257.4452022752057,1818.5470194648872,-438.89818281031853,0.08280420303344727,0.04875679314136505,-0.034047409892082214,0.8497152328491211,0.8497152328491211,0.0,6,36,30,79.36757851923682,79.42126917293945,0.05369065370263115
LJ001-0010.wav,lowpass,5000,../data/augmented/lowpass/LJ001-0010__lowpass_5000.wav,"Now, as all books not primarily intended as picture-books consist principally of types composed to form letterpress,","Now, as all books, not primarily intended as picture books, consist principally of types composed to form letterpress,",0.17647058823529413,0.02586206896551724,8.819125,8.819125,0.0,2477.1455341280043,1755.9378365713885,-721.2076975566158,0.07844936847686768,0.07003334164619446,-0.008416026830673218,0.9623797535896301,0.9395714998245239,-0.0228082537651062,8,9,1,74.64437551457651,58.62810342094588,-16.016272093630633
LJ001-0010.wav,lowpass,4000,../data/augmented/lowpass/LJ001-0010__lowpass_4000.wav,"Now, as all books not primarily intended as picture-books consist principally of types composed to form letterpress,","Now, as all books, not primarily intended as picture books, consist principally of types composed to form letterpress,",0.17647058823529413,0.02586206896551724,8.819125,8.819125,0.0,2477.1455341280043,1485.3456360144276,-991.7998981135768,0.07844936847686768,0.06938192993402481,-0.009067438542842865,0.9623797535896301,0.9106893539428711,-0.05169039964675903,8,9,1,74.64437551457651,60.83167511339881,-13.8127004011777
LJ001-0010.wav,lowpass,3000,../data/augmented/lowpass/LJ001-0010__lowpass_3000.wav,"Now, as all books not primarily intended as picture-books consist principally of types composed to form letterpress,","Now, as all books, not primarily intended as picture books, consist principally of types composed to form letterpress,",0.17647058823529413,0.02586206896551724,8.819125,8.819125,0.0,2477.1455341280043,1197.9591085867112,-1279.1864255412931,0.07844936847686768,0.06886042654514313,-0.009588941931724548,0.9623797535896301,0.8054913878440857,-0.15688836574554443,8,11,3,74.64437551457651,65.9754091159367,-8.66896639863981
LJ001-0010.wav,lowpass,2500,../data/augmented/lowpass/LJ001-0010__lowpass_2500.wav,"Now, as all books not primarily intended as picture-books consist principally of types composed to form letterpress,","Now, as all books, not primarily intended as picture books, consist principally of types composed to form letterpress,",0.17647058823529413,0.02586206896551724,8.819125,8.819125,0.0,2477.1455341280043,1053.0362633030134,-1424.109270824991,0.07844936847686768,0.06845134496688843,-0.009998023509979248,0.9623797535896301,0.7270602583885193,-0.23531949520111084,8,11,3,74.64437551457651,65.99954060489709,-8.644834909679417
LJ001-0010.wav,timestretch,0.98,../data/augmented/timestretch/LJ001-0010__timestretch_0_98.wav,"Now, as all books not primarily intended as picture-books consist principally of types composed to form letterpress,","Now, as all books, not primarily intended as picture books, consists principally of the given letter press.",0.5294117647058824,0.20689655172413793,8.819125,8.999125,0.17999999999999972,2477.1455341280043,2493.3663894183474,16.220855290343025,0.07844936847686768,0.05521998181939125,-0.023229386657476425,0.9623797535896301,0.5657516717910767,-0.39662808179855347,8,5,-3,74.64437551457651,72.58091358185709,-2.06346193271942
LJ001-0010.wav,timestretch,0.95,../data/augmented/timestretch/LJ001-0010__timestretch_0_95.wav,"Now, as all books not primarily intended as picture-books consist principally of types composed to form letterpress,","Now, as all books, not primarily intended as picture books, consists principally of types composed to form letterpress.",0.29411764705882354,0.04310344827586207,8.819125,9.2833125,0.46418749999999953,2477.1455341280043,2515.9934087979163,38.84787466991202,0.07844936847686768,0.05424226447939873,-0.02420710399746895,0.9623797535896301,0.5823872089385986,-0.3799925446510315,8,5,-3,74.64437551457651,83.80277778088947,9.158402266312962
LJ001-0010.wav,timestretch,0.92,../data/augmented/timestretch/LJ001-0010__timestretch_0_92.wav,"Now, as all books not primarily intended as picture-books consist principally of types composed to form letterpress,","Now, as all books, not primarily intended as interbooks, consists principally of types composed to form letterpress.",0.23529411764705882,0.07758620689655173,8.819125,9.586,0.7668750000000006,2477.1455341280043,2509.4183250473743,32.27279091936998,0.07844936847686768,0.054092444479465485,-0.02435692399740219,0.9623797535896301,0.5698392391204834,-0.39254051446914673,8,4,-4,74.64437551457651,92.44112160546713,17.796746090890622
LJ001-0010.wav,timestretch,0.88,../data/augmented/timestretch/LJ001-0010__timestretch_0_88.wav,"Now, as all books not primarily intended as picture-books consist principally of types composed to form letterpress,","Now, as all books, not primarily intended as interbooks, consists principally of types composed to form letterpress.",0.23529411764705882,0.07758620689655173,8.819125,10.02175,1.2026250000000012,2477.1455341280043,2518.2346748536625,41.089140725658126,0.07844936847686768,0.05388301983475685,-0.024566348642110825,0.9623797535896301,0.6281732320785522,-0.3342065215110779,8,5,-3,74.64437551457651,91.07353539270954,16.429159878133035
LJ001-0010.wav,pitch_compression,0.9,../data/augmented/pitch_compression/LJ001-0010__pitch_compression_0_9.wav,"Now, as all books not primarily intended as picture-books consist principally of types composed to form letterpress,","Now, as all books, not primarily intended as feature books, consists principally of quite some of those before lever press.",0.6470588235294118,0.2413793103448276,8.819125,8.819125,0.0,2477.1455341280043,2314.290175675424,-162.85535845258028,0.07844936847686768,0.055106163024902344,-0.023343205451965332,0.9623797535896301,0.659997820854187,-0.3023819327354431,8,4,-4,74.64437551457651,100.62309423697153,25.978718722395016
LJ001-0010.wav,pitch_compression,0.75,../data/augmented/pitch_compression/LJ001-0010__pitch_compression_0_75.wav,"Now, as all books not primarily intended as picture-books consist principally of types composed to form letterpress,","Now, as all books, not primarily intended as intro books, consists principally of tights some bows before lever press.",0.5882352941176471,0.23275862068965517,8.819125,8.819125,0.0,2477.1455341280043,2088.4472751111343,-388.69825901687,0.07844936847686768,0.0536334253847599,-0.024815943092107773,0.9623797535896301,0.5742475986480713,-0.38813215494155884,8,4,-4,74.64437551457651,77.58126992974418,2.9368944151676715
LJ001-0010.wav,pitch_compression,0.6,../data/augmented/pitch_compression/LJ001-0010__pitch_compression_0_6.wav,"Now, as all books not primarily intended as picture-books consist principally of types composed to form letterpress,","Now, as almost not primarily intended as the inter-books consists principally of types of books to form letterpress.",0.47058823529411764,0.1896551724137931,8.819125,8.819125,0.0,2477.1455341280043,1889.711251647301,-587.4342824807034,0.07844936847686768,0.0518634095788002,-0.026585958898067474,0.9623797535896301,0.6044843196868896,-0.3578954339027405,8,4,-4,74.64437551457651,108.69621303812052,34.05183752354401
LJ001-0010.wav,pitch_compression,0.5,../data/augmented/pitch_compression/LJ001-0010__pitch_compression_0_5.wav,"Now, as all books not primarily intended as picture-books consist principally of types composed to form letterpress,","Now, as all those not primarily executive inter-groups, consists presently in types of those performed at the press.",0.7058823529411765,0.43103448275862066,8.819125,8.819125,0.0,2477.1455341280043,1762.024036296635,-715.1214978313694,0.07844936847686768,0.050433024764060974,-0.0280163437128067,0.9623797535896301,0.6422683000564575,-0.3201114535331726,8,4,-4,74.64437551457651,108.91343962555968,34.269064110983166
LJ001-0010.wav,noise,0.001,../data/augmented/noise/LJ001-0010__noise_0_001.wav,"Now, as all books not primarily intended as picture-books consist principally of types composed to form letterpress,","Now, as all books, not primarily intended as picture books, consist principally of types composed to form letterpress.",0.23529411764705882,0.034482758620689655,8.819125,8.819125,0.0,2477.1455341280043,2621.9363747103416,144.7908405823373,0.07844936847686768,0.07849161326885223,4.2244791984558105e-05,0.9623797535896301,0.9617419838905334,-0.0006377696990966797,8,8,0,74.64437551457651,84.98568095600359,10.341305441427082
LJ001-0010.wav,noise,0.003,../data/augmented/noise/LJ001-0010__noise_0_003.wav,"Now, as all books not primarily intended as picture-books consist principally of types composed to form letterpress,","Now, as all books, not primarily intended as picture books, consist principally of types composed to form letterpress.",0.23529411764705882,0.034482758620689655,8.819125,8.819125,0.0,2477.1455341280043,2750.99276939628,273.84723526827565,0.07844936847686768,0.07870457321405411,0.0002552047371864319,0.9623797535896301,0.9614495635032654,-0.0009301900863647461,8,3,-5,74.64437551457651,85.1545818555762,10.510206340999687
LJ001-0010.wav,noise,0.005,../data/augmented/noise/LJ001-0010__noise_0_005.wav,"Now, as all books not primarily intended as picture-books consist principally of types composed to form letterpress,","Now, as all books, not primarily intended as picture books, consist principally of types composed to form letterpress.",0.23529411764705882,0.034482758620689655,8.819125,8.819125,0.0,2477.1455341280043,2847.0597133882393,369.91417926023496,0.07844936847686768,0.0789906308054924,0.0005412623286247253,0.9623797535896301,0.9668906927108765,0.004510939121246338,8,0,-8,74.64437551457651,84.8353531879609,10.190977673384396
LJ001-0010.wav,noise,0.008,../data/augmented/noise/LJ001-0010__noise_0_008.wav,"Now, as all books not primarily intended as picture-books consist principally of types composed to form letterpress,","Now, as all books, not primarily intended as picture books, consist principally of types composed to form letterpress.",0.23529411764705882,0.034482758620689655,8.819125,8.819125,0.0,2477.1455341280043,2960.0266161438876,482.8810820158833,0.07844936847686768,0.07957896590232849,0.0011295974254608154,0.9623797535896301,0.9501050114631653,-0.012274742126464844,8,0,-8,74.64437551457651,84.71321593693413,10.068840422357624
LJ001-0010.wav,pause_insertion,"{'pause_prob': 0.05, 'pause_ms': (60, 120)}",../data/augmented/pause_insertion/LJ001-0010__pause_insertion_p0_05_d60-120.wav,"Now, as all books not primarily intended as picture-books consist principally of types composed to form letterpress,","Now, as all books not primarily intended as picture books, consist principally of types composed to form letter press,",0.23529411764705882,0.02586206896551724,8.819125,10.104125,1.2850000000000001,2477.1455341280043,2444.6752751087583,-32.47025901924599,0.07844936847686768,0.07230500131845474,-0.006144367158412933,0.9623797535896301,0.9623797535896301,0.0,8,21,13,74.64437551457651,82.09754544304646,7.453169928469947
LJ001-0010.wav,pause_insertion,"{'pause_prob': 0.1, 'pause_ms': (100, 200)}",../data/augmented/pause_insertion/LJ001-0010__pause_insertion_p0_1_d100-200.wav,"Now, as all books not primarily intended as picture-books consist principally of types composed to form letterpress,","Now, as all books, not primarily intended as picture books, consist principally of types composed to form letterpress.",0.23529411764705882,0.034482758620689655,8.819125,12.053125,3.234,2477.1455341280043,2567.3913269639183,90.24579283591402,0.07844936847686768,0.061700642108917236,-0.01674872636795044,0.9623797535896301,0.9623797535896301,0.0,8,27,19,74.64437551457651,85.71971641826666,11.075340903690147
LJ001-0010.wav,pause_insertion,"{'pause_prob': 0.15, 'pause_ms': (150, 300)}",../data/augmented/pause_insertion/LJ001-0010__pause_insertion_p0_15_d150-300.wav,"Now, as all books not primarily intended as picture-books consist principally of types composed to form letterpress,","Now, as all books, not primarily intended as picture books, consist of the principles of the complete, of the type of books composed of the form letter best.",1.0,0.43103448275862066,8.819125,16.727125,7.908000000000001,2477.1455341280043,1859.8667066732812,-617.2788274547231,0.07844936847686768,0.046827226877212524,-0.03162214159965515,0.9623797535896301,0.9623797535896301,0.0,8,39,31,74.64437551457651,85.06166633874359,10.417290824167083
LJ001-0010.wav,pause_insertion,"{'pause_prob': 0.2, 'pause_ms': (150, 300)}",../data/augmented/pause_insertion/LJ001-0010__pause_insertion_p0_2_d150-300.wav,"Now, as all books not primarily intended as picture-books consist principally of types composed to form letterpress,","Now, as all books not uppriced, I am merely intending to read as pictures of your books, consists of the principles of the play of the type that is composed to form letter-pressed.",1.3529411764705883,0.603448275862069,8.819125,17.709125,8.89,2477.1455341280043,1951.8108564523538,-525.3346776756505,0.07844936847686768,0.04435816779732704,-0.034091200679540634,0.9623797535896301,0.9623797535896301,0.0,8,40,32,74.64437551457651,85.11775714864056,10.473381634064054
